{"eval_loss": 3.3329694271087646, "eval_rouge1": 41.0801, "eval_rouge2": 24.347, "eval_rougeL": 34.5088, "eval_rougeLsum": 36.5112, "eval_gen_len": 80.3003, "eval_runtime": 88.6006, "eval_samples_per_second": 3.42, "eval_steps_per_second": 0.214, "epoch": 0.96}
{"eval_loss": 2.9248061180114746, "eval_rouge1": 42.7175, "eval_rouge2": 25.6492, "eval_rougeL": 35.8826, "eval_rougeLsum": 37.9921, "eval_gen_len": 75.3201, "eval_runtime": 78.0957, "eval_samples_per_second": 3.88, "eval_steps_per_second": 0.243, "epoch": 1.96}
{"eval_loss": 2.8062374591827393, "eval_rouge1": 43.25, "eval_rouge2": 25.9684, "eval_rougeL": 36.2146, "eval_rougeLsum": 38.5893, "eval_gen_len": 75.6799, "eval_runtime": 77.9347, "eval_samples_per_second": 3.888, "eval_steps_per_second": 0.244, "epoch": 2.96}
{"eval_loss": 2.78092098236084, "eval_rouge1": 43.7981, "eval_rouge2": 26.2653, "eval_rougeL": 36.539, "eval_rougeLsum": 38.7422, "eval_gen_len": 75.8746, "eval_runtime": 76.7274, "eval_samples_per_second": 3.949, "eval_steps_per_second": 0.248, "epoch": 3.96}
{"train_runtime": 518.7357, "train_samples_per_second": 13.224, "train_steps_per_second": 0.1, "train_loss": 3.172181936410757, "epoch": 3.96}
