{"eval_loss": 3.865105390548706, "eval_rouge1": 38.713, "eval_rouge2": 22.4079, "eval_rougeL": 31.7499, "eval_rougeLsum": 34.1947, "eval_gen_len": 80.67, "eval_runtime": 81.4532, "eval_samples_per_second": 3.72, "eval_steps_per_second": 0.233, "epoch": 0.99}
{"eval_loss": 3.538423538208008, "eval_rouge1": 39.2252, "eval_rouge2": 22.9077, "eval_rougeL": 32.5667, "eval_rougeLsum": 34.636, "eval_gen_len": 85.3069, "eval_runtime": 88.0638, "eval_samples_per_second": 3.441, "eval_steps_per_second": 0.216, "epoch": 1.99}
{"eval_loss": 3.3891971111297607, "eval_rouge1": 40.5249, "eval_rouge2": 23.9058, "eval_rougeL": 33.7863, "eval_rougeLsum": 35.9815, "eval_gen_len": 79.835, "eval_runtime": 84.1072, "eval_samples_per_second": 3.603, "eval_steps_per_second": 0.226, "epoch": 2.99}
{"eval_loss": 3.3341126441955566, "eval_rouge1": 40.9127, "eval_rouge2": 24.4232, "eval_rougeL": 34.0722, "eval_rougeLsum": 36.3486, "eval_gen_len": 78.9373, "eval_runtime": 79.1907, "eval_samples_per_second": 3.826, "eval_steps_per_second": 0.24, "epoch": 3.99}
{"train_runtime": 499.2708, "train_samples_per_second": 11.312, "train_steps_per_second": 0.088, "train_loss": 3.787729436700994, "epoch": 3.99}
