{"eval_loss": 3.357877492904663, "eval_rouge1": 40.5733, "eval_rouge2": 23.8924, "eval_rougeL": 33.7534, "eval_rougeLsum": 35.9904, "eval_gen_len": 80.5083, "eval_runtime": 92.5954, "eval_samples_per_second": 3.272, "eval_steps_per_second": 0.205, "epoch": 0.96}
{"eval_loss": 2.9313488006591797, "eval_rouge1": 42.7315, "eval_rouge2": 25.5358, "eval_rougeL": 35.5284, "eval_rougeLsum": 37.9005, "eval_gen_len": 77.4059, "eval_runtime": 81.645, "eval_samples_per_second": 3.711, "eval_steps_per_second": 0.233, "epoch": 1.96}
{"eval_loss": 2.812380790710449, "eval_rouge1": 44.082, "eval_rouge2": 26.4261, "eval_rougeL": 36.5846, "eval_rougeLsum": 38.6376, "eval_gen_len": 75.1353, "eval_runtime": 75.5066, "eval_samples_per_second": 4.013, "eval_steps_per_second": 0.252, "epoch": 2.96}
{"eval_loss": 2.7878050804138184, "eval_rouge1": 43.2314, "eval_rouge2": 25.9023, "eval_rougeL": 36.1088, "eval_rougeLsum": 38.5108, "eval_gen_len": 76.8779, "eval_runtime": 78.8958, "eval_samples_per_second": 3.841, "eval_steps_per_second": 0.241, "epoch": 3.96}
{"train_runtime": 580.6674, "train_samples_per_second": 11.814, "train_steps_per_second": 0.09, "train_loss": 3.17524660550631, "epoch": 3.96}
