{"eval_loss": 3.5104336738586426, "eval_rouge1": 39.569, "eval_rouge2": 23.2067, "eval_rougeL": 32.8245, "eval_rougeLsum": 35.0426, "eval_gen_len": 86.4092, "eval_runtime": 97.6381, "eval_samples_per_second": 3.103, "eval_steps_per_second": 0.195, "epoch": 0.96}
{"eval_loss": 3.1007750034332275, "eval_rouge1": 41.7058, "eval_rouge2": 24.8271, "eval_rougeL": 34.9148, "eval_rougeLsum": 37.1091, "eval_gen_len": 79.4257, "eval_runtime": 89.9887, "eval_samples_per_second": 3.367, "eval_steps_per_second": 0.211, "epoch": 1.96}
{"eval_loss": 2.9457767009735107, "eval_rouge1": 42.5393, "eval_rouge2": 25.5233, "eval_rougeL": 35.5457, "eval_rougeLsum": 37.8373, "eval_gen_len": 76.1386, "eval_runtime": 81.8733, "eval_samples_per_second": 3.701, "eval_steps_per_second": 0.232, "epoch": 2.96}
{"eval_loss": 2.903059720993042, "eval_rouge1": 42.6891, "eval_rouge2": 25.4946, "eval_rougeL": 35.626, "eval_rougeLsum": 37.7969, "eval_gen_len": 76.1452, "eval_runtime": 76.853, "eval_samples_per_second": 3.943, "eval_steps_per_second": 0.247, "epoch": 3.96}
{"train_runtime": 541.8594, "train_samples_per_second": 12.66, "train_steps_per_second": 0.096, "train_loss": 3.367269075833834, "epoch": 3.96}
