{"eval_loss": 3.3368983268737793, "eval_rouge1": 41.3304, "eval_rouge2": 24.4927, "eval_rougeL": 34.5463, "eval_rougeLsum": 36.809, "eval_gen_len": 75.9208, "eval_runtime": 80.3254, "eval_samples_per_second": 3.772, "eval_steps_per_second": 0.237, "epoch": 0.96}
{"eval_loss": 2.924914598464966, "eval_rouge1": 42.2844, "eval_rouge2": 25.1329, "eval_rougeL": 35.4778, "eval_rougeLsum": 37.7906, "eval_gen_len": 77.736, "eval_runtime": 82.1431, "eval_samples_per_second": 3.689, "eval_steps_per_second": 0.231, "epoch": 1.96}
{"eval_loss": 2.8128514289855957, "eval_rouge1": 43.8782, "eval_rouge2": 26.2547, "eval_rougeL": 36.8227, "eval_rougeLsum": 39.0196, "eval_gen_len": 73.1881, "eval_runtime": 80.0473, "eval_samples_per_second": 3.785, "eval_steps_per_second": 0.237, "epoch": 2.96}
{"eval_loss": 2.7858500480651855, "eval_rouge1": 43.7061, "eval_rouge2": 26.2242, "eval_rougeL": 36.2347, "eval_rougeLsum": 38.5387, "eval_gen_len": 75.802, "eval_runtime": 75.6416, "eval_samples_per_second": 4.006, "eval_steps_per_second": 0.251, "epoch": 3.96}
{"train_runtime": 514.2073, "train_samples_per_second": 13.341, "train_steps_per_second": 0.101, "train_loss": 3.1728104811448317, "epoch": 3.96}
