{"eval_loss": 3.864515542984009, "eval_rouge1": 38.6277, "eval_rouge2": 22.1004, "eval_rougeL": 31.2284, "eval_rougeLsum": 33.9682, "eval_gen_len": 81.1716, "eval_runtime": 83.5702, "eval_samples_per_second": 3.626, "eval_steps_per_second": 0.227, "epoch": 0.99}
{"eval_loss": 3.5412557125091553, "eval_rouge1": 39.211, "eval_rouge2": 22.9388, "eval_rougeL": 32.2923, "eval_rougeLsum": 34.5845, "eval_gen_len": 86.3762, "eval_runtime": 90.5691, "eval_samples_per_second": 3.346, "eval_steps_per_second": 0.21, "epoch": 1.99}
{"eval_loss": 3.388162136077881, "eval_rouge1": 40.2703, "eval_rouge2": 23.5305, "eval_rougeL": 33.1745, "eval_rougeLsum": 35.6313, "eval_gen_len": 79.4653, "eval_runtime": 78.3838, "eval_samples_per_second": 3.866, "eval_steps_per_second": 0.242, "epoch": 2.99}
{"eval_loss": 3.334843158721924, "eval_rouge1": 40.7433, "eval_rouge2": 23.9605, "eval_rougeL": 33.5095, "eval_rougeLsum": 35.9666, "eval_gen_len": 81.6667, "eval_runtime": 83.8607, "eval_samples_per_second": 3.613, "eval_steps_per_second": 0.227, "epoch": 3.99}
{"train_runtime": 502.9396, "train_samples_per_second": 11.23, "train_steps_per_second": 0.087, "train_loss": 3.794200897216797, "epoch": 3.99}
