{"eval_loss": 3.3329694271087646, "eval_rouge1": 41.1637, "eval_rouge2": 24.3082, "eval_rougeL": 34.5026, "eval_rougeLsum": 36.525, "eval_gen_len": 80.3003, "eval_runtime": 92.1672, "eval_samples_per_second": 3.288, "eval_steps_per_second": 0.206, "epoch": 0.96}
{"eval_loss": 2.9248061180114746, "eval_rouge1": 42.8056, "eval_rouge2": 25.642, "eval_rougeL": 35.849, "eval_rougeLsum": 38.0093, "eval_gen_len": 75.3201, "eval_runtime": 73.6301, "eval_samples_per_second": 4.115, "eval_steps_per_second": 0.258, "epoch": 1.96}
{"eval_loss": 2.8062374591827393, "eval_rouge1": 43.3288, "eval_rouge2": 25.9169, "eval_rougeL": 36.1751, "eval_rougeLsum": 38.562, "eval_gen_len": 75.6799, "eval_runtime": 75.0485, "eval_samples_per_second": 4.037, "eval_steps_per_second": 0.253, "epoch": 2.96}
{"eval_loss": 2.78092098236084, "eval_rouge1": 43.8735, "eval_rouge2": 26.2162, "eval_rougeL": 36.5569, "eval_rougeLsum": 38.7336, "eval_gen_len": 75.8746, "eval_runtime": 74.7721, "eval_samples_per_second": 4.052, "eval_steps_per_second": 0.254, "epoch": 3.96}
{"train_runtime": 511.4457, "train_samples_per_second": 13.413, "train_steps_per_second": 0.102, "train_loss": 3.172181936410757, "epoch": 3.96}
{"eval_loss": 3.3329694271087646, "eval_rouge1": 41.2314, "eval_rouge2": 24.2879, "eval_rougeL": 34.4776, "eval_rougeLsum": 36.5263, "eval_gen_len": 80.3003, "eval_runtime": 86.5485, "eval_samples_per_second": 3.501, "eval_steps_per_second": 0.22, "epoch": 0.96}
{"eval_loss": 2.9248061180114746, "eval_rouge1": 42.8455, "eval_rouge2": 25.6318, "eval_rougeL": 35.8378, "eval_rougeLsum": 37.9582, "eval_gen_len": 75.3201, "eval_runtime": 74.7839, "eval_samples_per_second": 4.052, "eval_steps_per_second": 0.254, "epoch": 1.96}
{"eval_loss": 2.8062374591827393, "eval_rouge1": 43.3635, "eval_rouge2": 25.9468, "eval_rougeL": 36.1633, "eval_rougeLsum": 38.5522, "eval_gen_len": 75.6799, "eval_runtime": 74.9978, "eval_samples_per_second": 4.04, "eval_steps_per_second": 0.253, "epoch": 2.96}
{"eval_loss": 2.78092098236084, "eval_rouge1": 43.8858, "eval_rouge2": 26.2161, "eval_rougeL": 36.5092, "eval_rougeLsum": 38.7357, "eval_gen_len": 75.8746, "eval_runtime": 75.2863, "eval_samples_per_second": 4.025, "eval_steps_per_second": 0.252, "epoch": 3.96}
{"train_runtime": 511.2091, "train_samples_per_second": 13.419, "train_steps_per_second": 0.102, "train_loss": 3.172181936410757, "epoch": 3.96}
