{"eval_loss": 3.551084280014038, "eval_rouge1": 39.34, "eval_rouge2": 23.1784, "eval_rougeL": 32.9664, "eval_rougeLsum": 35.275, "eval_gen_len": 83.5776, "eval_runtime": 85.0528, "eval_samples_per_second": 3.562, "eval_steps_per_second": 0.223, "epoch": 0.99}
{"eval_loss": 3.1713061332702637, "eval_rouge1": 40.7132, "eval_rouge2": 24.1541, "eval_rougeL": 33.7827, "eval_rougeLsum": 36.4668, "eval_gen_len": 80.703, "eval_runtime": 83.6183, "eval_samples_per_second": 3.624, "eval_steps_per_second": 0.227, "epoch": 1.99}
{"eval_loss": 2.97239351272583, "eval_rouge1": 42.5646, "eval_rouge2": 25.4632, "eval_rougeL": 35.8056, "eval_rougeLsum": 38.0441, "eval_gen_len": 76.6172, "eval_runtime": 75.4799, "eval_samples_per_second": 4.014, "eval_steps_per_second": 0.252, "epoch": 2.99}
{"eval_loss": 2.9144937992095947, "eval_rouge1": 42.6447, "eval_rouge2": 25.4693, "eval_rougeL": 35.5636, "eval_rougeLsum": 38.0885, "eval_gen_len": 77.033, "eval_runtime": 77.2934, "eval_samples_per_second": 3.92, "eval_steps_per_second": 0.246, "epoch": 3.99}
{"train_runtime": 488.1541, "train_samples_per_second": 11.57, "train_steps_per_second": 0.09, "train_loss": 3.418534365567294, "epoch": 3.99}
