{"eval_loss": 3.3831892013549805, "eval_rouge1": 40.9418, "eval_rouge2": 24.0919, "eval_rougeL": 33.9331, "eval_rougeLsum": 36.1151, "eval_gen_len": 82.2013, "eval_runtime": 79.6463, "eval_samples_per_second": 3.804, "eval_steps_per_second": 0.239, "epoch": 0.99}
{"eval_loss": 2.955065965652466, "eval_rouge1": 41.9762, "eval_rouge2": 24.8139, "eval_rougeL": 35.1114, "eval_rougeLsum": 37.403, "eval_gen_len": 76.637, "eval_runtime": 73.4793, "eval_samples_per_second": 4.124, "eval_steps_per_second": 0.259, "epoch": 1.99}
{"eval_loss": 2.8024160861968994, "eval_rouge1": 43.0785, "eval_rouge2": 25.8205, "eval_rougeL": 35.9468, "eval_rougeLsum": 38.2533, "eval_gen_len": 75.9142, "eval_runtime": 72.2559, "eval_samples_per_second": 4.193, "eval_steps_per_second": 0.263, "epoch": 2.99}
{"eval_loss": 2.7556684017181396, "eval_rouge1": 43.1214, "eval_rouge2": 25.7781, "eval_rougeL": 36.192, "eval_rougeLsum": 38.6929, "eval_gen_len": 76.8053, "eval_runtime": 76.0327, "eval_samples_per_second": 3.985, "eval_steps_per_second": 0.25, "epoch": 3.99}
{"train_runtime": 469.5324, "train_samples_per_second": 12.029, "train_steps_per_second": 0.094, "train_loss": 3.219949548894709, "epoch": 3.99}
