{"eval_loss": 3.5165975093841553, "eval_rouge1": 39.2977, "eval_rouge2": 23.0794, "eval_rougeL": 32.5852, "eval_rougeLsum": 34.8124, "eval_gen_len": 89.6172, "eval_runtime": 93.326, "eval_samples_per_second": 3.247, "eval_steps_per_second": 0.204, "epoch": 0.96}
{"eval_loss": 3.111304759979248, "eval_rouge1": 41.4042, "eval_rouge2": 24.8674, "eval_rougeL": 35.1858, "eval_rougeLsum": 37.0371, "eval_gen_len": 76.5908, "eval_runtime": 83.5948, "eval_samples_per_second": 3.625, "eval_steps_per_second": 0.227, "epoch": 1.96}
{"eval_loss": 2.9463744163513184, "eval_rouge1": 42.6385, "eval_rouge2": 25.717, "eval_rougeL": 35.8421, "eval_rougeLsum": 38.0105, "eval_gen_len": 76.7591, "eval_runtime": 75.5208, "eval_samples_per_second": 4.012, "eval_steps_per_second": 0.252, "epoch": 2.96}
{"eval_loss": 2.904541015625, "eval_rouge1": 42.7352, "eval_rouge2": 25.6606, "eval_rougeL": 35.8317, "eval_rougeLsum": 38.2586, "eval_gen_len": 77.2838, "eval_runtime": 75.5701, "eval_samples_per_second": 4.01, "eval_steps_per_second": 0.251, "epoch": 3.96}
{"train_runtime": 524.7961, "train_samples_per_second": 13.072, "train_steps_per_second": 0.099, "train_loss": 3.3776048513559194, "epoch": 3.96}
