{"eval_loss": 3.5165975093841553, "eval_rouge1": 39.4375, "eval_rouge2": 23.0592, "eval_rougeL": 32.5655, "eval_rougeLsum": 34.9031, "eval_gen_len": 89.6172, "eval_runtime": 100.6636, "eval_samples_per_second": 3.01, "eval_steps_per_second": 0.189, "epoch": 0.96}
{"eval_loss": 3.111304759979248, "eval_rouge1": 41.4815, "eval_rouge2": 24.844, "eval_rougeL": 35.1814, "eval_rougeLsum": 37.0855, "eval_gen_len": 76.5908, "eval_runtime": 79.5755, "eval_samples_per_second": 3.808, "eval_steps_per_second": 0.239, "epoch": 1.96}
{"eval_loss": 2.9463744163513184, "eval_rouge1": 42.676, "eval_rouge2": 25.6493, "eval_rougeL": 35.8632, "eval_rougeLsum": 38.0984, "eval_gen_len": 76.7591, "eval_runtime": 79.7173, "eval_samples_per_second": 3.801, "eval_steps_per_second": 0.238, "epoch": 2.96}
{"eval_loss": 2.904541015625, "eval_rouge1": 42.7588, "eval_rouge2": 25.6178, "eval_rougeL": 35.8177, "eval_rougeLsum": 38.3597, "eval_gen_len": 77.2838, "eval_runtime": 83.5938, "eval_samples_per_second": 3.625, "eval_steps_per_second": 0.227, "epoch": 3.96}
{"train_runtime": 539.7395, "train_samples_per_second": 12.71, "train_steps_per_second": 0.096, "train_loss": 3.3776048513559194, "epoch": 3.96}
