{"eval_loss": 5.392701148986816, "eval_rouge1": 31.115, "eval_rouge2": 13.7695, "eval_rougeL": 21.6982, "eval_rougeLsum": 25.1264, "eval_gen_len": 100.7143, "eval_runtime": 5.4975, "eval_samples_per_second": 2.547, "eval_steps_per_second": 0.182, "epoch": 1.0}
{"eval_loss": 5.090129375457764, "eval_rouge1": 35.5196, "eval_rouge2": 16.6019, "eval_rougeL": 25.8626, "eval_rougeLsum": 28.1532, "eval_gen_len": 95.0714, "eval_runtime": 5.8487, "eval_samples_per_second": 2.394, "eval_steps_per_second": 0.171, "epoch": 2.0}
{"eval_loss": 4.956824779510498, "eval_rouge1": 34.8623, "eval_rouge2": 16.6836, "eval_rougeL": 26.1415, "eval_rougeLsum": 28.5393, "eval_gen_len": 109.7143, "eval_runtime": 5.5079, "eval_samples_per_second": 2.542, "eval_steps_per_second": 0.182, "epoch": 3.0}
{"eval_loss": 4.902102947235107, "eval_rouge1": 35.6941, "eval_rouge2": 18.01, "eval_rougeL": 28.0329, "eval_rougeLsum": 29.7516, "eval_gen_len": 98.6429, "eval_runtime": 5.7513, "eval_samples_per_second": 2.434, "eval_steps_per_second": 0.174, "epoch": 4.0}
{"train_runtime": 69.3885, "train_samples_per_second": 3.459, "train_steps_per_second": 0.058, "train_loss": 2.30346941947937, "epoch": 4.0}
