{"eval_loss": 5.703383445739746, "eval_rouge1": 33.0924, "eval_rouge2": 15.318, "eval_rougeL": 22.3865, "eval_rougeLsum": 26.6014, "eval_gen_len": 96.7143, "eval_runtime": 5.6998, "eval_samples_per_second": 2.456, "eval_steps_per_second": 0.175, "epoch": 1.0}
{"eval_loss": 5.428973197937012, "eval_rouge1": 31.8846, "eval_rouge2": 14.3595, "eval_rougeL": 21.441, "eval_rougeLsum": 25.7337, "eval_gen_len": 98.0714, "eval_runtime": 5.5414, "eval_samples_per_second": 2.526, "eval_steps_per_second": 0.18, "epoch": 2.0}
{"eval_loss": 5.2867045402526855, "eval_rouge1": 32.2543, "eval_rouge2": 14.4783, "eval_rougeL": 22.6026, "eval_rougeLsum": 26.0692, "eval_gen_len": 103.0714, "eval_runtime": 5.1922, "eval_samples_per_second": 2.696, "eval_steps_per_second": 0.193, "epoch": 3.0}
{"eval_loss": 5.225372791290283, "eval_rouge1": 32.6296, "eval_rouge2": 14.6455, "eval_rougeL": 23.1523, "eval_rougeLsum": 26.7324, "eval_gen_len": 103.6429, "eval_runtime": 5.5158, "eval_samples_per_second": 2.538, "eval_steps_per_second": 0.181, "epoch": 4.0}
{"train_runtime": 69.3716, "train_samples_per_second": 3.46, "train_steps_per_second": 0.058, "train_loss": 2.434619903564453, "epoch": 4.0}
