{"eval_loss": 5.388274669647217, "eval_rouge1": 30.6904, "eval_rouge2": 13.8262, "eval_rougeL": 21.1649, "eval_rougeLsum": 25.1619, "eval_gen_len": 105.5, "eval_runtime": 5.8138, "eval_samples_per_second": 2.408, "eval_steps_per_second": 0.172, "epoch": 1.0}
{"eval_loss": 5.089408874511719, "eval_rouge1": 33.5195, "eval_rouge2": 15.3909, "eval_rougeL": 24.3438, "eval_rougeLsum": 27.1494, "eval_gen_len": 110.4286, "eval_runtime": 5.8965, "eval_samples_per_second": 2.374, "eval_steps_per_second": 0.17, "epoch": 2.0}
{"eval_loss": 4.959071159362793, "eval_rouge1": 34.478, "eval_rouge2": 16.7392, "eval_rougeL": 26.6211, "eval_rougeLsum": 28.3807, "eval_gen_len": 105.0714, "eval_runtime": 5.4426, "eval_samples_per_second": 2.572, "eval_steps_per_second": 0.184, "epoch": 3.0}
{"eval_loss": 4.9055399894714355, "eval_rouge1": 33.8592, "eval_rouge2": 17.2023, "eval_rougeL": 26.0877, "eval_rougeLsum": 27.9945, "eval_gen_len": 105.0714, "eval_runtime": 5.6369, "eval_samples_per_second": 2.484, "eval_steps_per_second": 0.177, "epoch": 4.0}
{"train_runtime": 70.1957, "train_samples_per_second": 3.419, "train_steps_per_second": 0.057, "train_loss": 2.3006837368011475, "epoch": 4.0}
