{"eval_loss": 5.7018046379089355, "eval_rouge1": 32.9604, "eval_rouge2": 15.4702, "eval_rougeL": 22.406, "eval_rougeLsum": 26.512, "eval_gen_len": 95.9286, "eval_runtime": 5.841, "eval_samples_per_second": 2.397, "eval_steps_per_second": 0.171, "epoch": 1.0}
{"eval_loss": 5.428601264953613, "eval_rouge1": 31.9408, "eval_rouge2": 14.4778, "eval_rougeL": 20.9657, "eval_rougeLsum": 25.5204, "eval_gen_len": 100.0, "eval_runtime": 5.3592, "eval_samples_per_second": 2.612, "eval_steps_per_second": 0.187, "epoch": 2.0}
{"eval_loss": 5.287834644317627, "eval_rouge1": 32.7843, "eval_rouge2": 15.0934, "eval_rougeL": 23.4293, "eval_rougeLsum": 26.4145, "eval_gen_len": 103.5714, "eval_runtime": 5.626, "eval_samples_per_second": 2.488, "eval_steps_per_second": 0.178, "epoch": 3.0}
{"eval_loss": 5.227203845977783, "eval_rouge1": 32.063, "eval_rouge2": 14.4684, "eval_rougeL": 23.0688, "eval_rougeLsum": 25.4691, "eval_gen_len": 103.7143, "eval_runtime": 5.6155, "eval_samples_per_second": 2.493, "eval_steps_per_second": 0.178, "epoch": 4.0}
{"train_runtime": 71.3879, "train_samples_per_second": 3.362, "train_steps_per_second": 0.056, "train_loss": 2.433124303817749, "epoch": 4.0}
