{"eval_loss": 5.23451566696167, "eval_rouge1": 32.1994, "eval_rouge2": 13.8569, "eval_rougeL": 23.0497, "eval_rougeLsum": 25.9915, "eval_gen_len": 101.0, "eval_runtime": 5.834, "eval_samples_per_second": 2.4, "eval_steps_per_second": 0.171, "epoch": 1.0}
{"eval_loss": 4.9461565017700195, "eval_rouge1": 33.3943, "eval_rouge2": 16.0601, "eval_rougeL": 26.0103, "eval_rougeLsum": 27.0563, "eval_gen_len": 104.9286, "eval_runtime": 5.6771, "eval_samples_per_second": 2.466, "eval_steps_per_second": 0.176, "epoch": 2.0}
{"eval_loss": 4.8244853019714355, "eval_rouge1": 34.4851, "eval_rouge2": 16.9593, "eval_rougeL": 27.3004, "eval_rougeLsum": 29.6105, "eval_gen_len": 103.7143, "eval_runtime": 5.307, "eval_samples_per_second": 2.638, "eval_steps_per_second": 0.188, "epoch": 3.0}
{"eval_loss": 4.767025470733643, "eval_rouge1": 35.4409, "eval_rouge2": 18.1631, "eval_rougeL": 28.3468, "eval_rougeLsum": 29.9834, "eval_gen_len": 97.5, "eval_runtime": 5.5297, "eval_samples_per_second": 2.532, "eval_steps_per_second": 0.181, "epoch": 4.0}
{"train_runtime": 67.2731, "train_samples_per_second": 3.568, "train_steps_per_second": 0.059, "train_loss": 2.2319979667663574, "epoch": 4.0}
