{"eval_loss": 9.596068382263184, "eval_rouge1": 14.688, "eval_rouge2": 1.8763, "eval_rougeL": 11.8903, "eval_rougeLsum": 12.5571, "eval_gen_len": 68.5385, "eval_runtime": 3.7009, "eval_samples_per_second": 3.513, "eval_steps_per_second": 0.27, "epoch": 1.0}
{"eval_loss": 9.019097328186035, "eval_rouge1": 15.0708, "eval_rouge2": 2.278, "eval_rougeL": 12.1254, "eval_rougeLsum": 12.6386, "eval_gen_len": 67.9231, "eval_runtime": 3.0057, "eval_samples_per_second": 4.325, "eval_steps_per_second": 0.333, "epoch": 2.0}
{"eval_loss": 8.677512168884277, "eval_rouge1": 15.474, "eval_rouge2": 2.0799, "eval_rougeL": 12.598, "eval_rougeLsum": 13.2093, "eval_gen_len": 66.4615, "eval_runtime": 3.2967, "eval_samples_per_second": 3.943, "eval_steps_per_second": 0.303, "epoch": 3.0}
{"eval_loss": 8.507218360900879, "eval_rouge1": 15.7996, "eval_rouge2": 2.2891, "eval_rougeL": 12.9252, "eval_rougeLsum": 13.5645, "eval_gen_len": 65.9231, "eval_runtime": 2.9461, "eval_samples_per_second": 4.413, "eval_steps_per_second": 0.339, "epoch": 4.0}
{"train_runtime": 56.1313, "train_samples_per_second": 5.131, "train_steps_per_second": 0.071, "train_loss": 6.065774917602539, "epoch": 4.0}
