{"eval_loss": 9.534140586853027, "eval_rouge1": 13.9848, "eval_rouge2": 2.922, "eval_rougeL": 11.1839, "eval_rougeLsum": 12.8301, "eval_gen_len": 65.3148, "eval_runtime": 11.7908, "eval_samples_per_second": 4.58, "eval_steps_per_second": 0.339, "epoch": 1.0}
{"eval_loss": 8.965350151062012, "eval_rouge1": 14.1934, "eval_rouge2": 3.1293, "eval_rougeL": 11.587, "eval_rougeLsum": 12.9179, "eval_gen_len": 65.0741, "eval_runtime": 11.1788, "eval_samples_per_second": 4.831, "eval_steps_per_second": 0.358, "epoch": 2.0}
{"eval_loss": 8.611713409423828, "eval_rouge1": 14.4415, "eval_rouge2": 2.9589, "eval_rougeL": 11.5552, "eval_rougeLsum": 13.0412, "eval_gen_len": 65.4259, "eval_runtime": 12.1977, "eval_samples_per_second": 4.427, "eval_steps_per_second": 0.328, "epoch": 3.0}
{"eval_loss": 8.454109191894531, "eval_rouge1": 14.571, "eval_rouge2": 3.0406, "eval_rougeL": 11.6907, "eval_rougeLsum": 13.0771, "eval_gen_len": 63.0185, "eval_runtime": 10.5351, "eval_samples_per_second": 5.126, "eval_steps_per_second": 0.38, "epoch": 4.0}
{"train_runtime": 107.0931, "train_samples_per_second": 9.412, "train_steps_per_second": 0.075, "train_loss": 9.527652740478516, "epoch": 4.0}
