{"eval_loss": 8.958313941955566, "eval_rouge1": 13.3766, "eval_rouge2": 3.0166, "eval_rougeL": 10.7086, "eval_rougeLsum": 12.4136, "eval_gen_len": 67.4074, "eval_runtime": 11.8428, "eval_samples_per_second": 4.56, "eval_steps_per_second": 0.338, "epoch": 1.0}
{"eval_loss": 7.882927894592285, "eval_rouge1": 14.2485, "eval_rouge2": 3.1744, "eval_rougeL": 11.6076, "eval_rougeLsum": 13.3686, "eval_gen_len": 65.5556, "eval_runtime": 11.5544, "eval_samples_per_second": 4.674, "eval_steps_per_second": 0.346, "epoch": 2.0}
{"eval_loss": 6.999566555023193, "eval_rouge1": 14.8879, "eval_rouge2": 3.1705, "eval_rougeL": 12.2908, "eval_rougeLsum": 13.86, "eval_gen_len": 62.5185, "eval_runtime": 10.4345, "eval_samples_per_second": 5.175, "eval_steps_per_second": 0.383, "epoch": 3.0}
{"eval_loss": 6.556972980499268, "eval_rouge1": 14.9801, "eval_rouge2": 3.0777, "eval_rougeL": 12.0083, "eval_rougeLsum": 14.0404, "eval_gen_len": 62.3519, "eval_runtime": 10.0126, "eval_samples_per_second": 5.393, "eval_steps_per_second": 0.399, "epoch": 4.0}
{"train_runtime": 104.0499, "train_samples_per_second": 9.688, "train_steps_per_second": 0.077, "train_loss": 8.574853897094727, "epoch": 4.0}
