{"eval_loss": 9.530787467956543, "eval_rouge1": 13.9911, "eval_rouge2": 3.0803, "eval_rougeL": 11.4033, "eval_rougeLsum": 12.9692, "eval_gen_len": 64.963, "eval_runtime": 10.9034, "eval_samples_per_second": 4.953, "eval_steps_per_second": 0.367, "epoch": 1.0}
{"eval_loss": 8.956962585449219, "eval_rouge1": 14.8081, "eval_rouge2": 3.1596, "eval_rougeL": 11.8973, "eval_rougeLsum": 13.3427, "eval_gen_len": 66.1481, "eval_runtime": 12.0134, "eval_samples_per_second": 4.495, "eval_steps_per_second": 0.333, "epoch": 2.0}
{"eval_loss": 8.601691246032715, "eval_rouge1": 14.5846, "eval_rouge2": 3.0395, "eval_rougeL": 11.5389, "eval_rougeLsum": 13.4426, "eval_gen_len": 66.463, "eval_runtime": 12.2101, "eval_samples_per_second": 4.423, "eval_steps_per_second": 0.328, "epoch": 3.0}
{"eval_loss": 8.443995475769043, "eval_rouge1": 14.6775, "eval_rouge2": 3.0514, "eval_rougeL": 11.7116, "eval_rougeLsum": 13.2735, "eval_gen_len": 63.2778, "eval_runtime": 10.323, "eval_samples_per_second": 5.231, "eval_steps_per_second": 0.387, "epoch": 4.0}
{"train_runtime": 104.6136, "train_samples_per_second": 9.635, "train_steps_per_second": 0.076, "train_loss": 9.525259017944336, "epoch": 4.0}
