{"eval_loss": 9.100021362304688, "eval_rouge1": 13.2138, "eval_rouge2": 3.5716, "eval_rougeL": 11.4033, "eval_rougeLsum": 12.5173, "eval_gen_len": 65.0, "eval_runtime": 13.5376, "eval_samples_per_second": 4.063, "eval_steps_per_second": 0.295, "epoch": 0.8}
{"eval_loss": 7.931137561798096, "eval_rouge1": 13.2673, "eval_rouge2": 3.5958, "eval_rougeL": 11.5744, "eval_rougeLsum": 12.0372, "eval_gen_len": 64.4364, "eval_runtime": 12.3783, "eval_samples_per_second": 4.443, "eval_steps_per_second": 0.323, "epoch": 1.8}
{"eval_loss": 7.057524681091309, "eval_rouge1": 14.0745, "eval_rouge2": 3.7629, "eval_rougeL": 12.4477, "eval_rougeLsum": 12.9457, "eval_gen_len": 61.8364, "eval_runtime": 12.0595, "eval_samples_per_second": 4.561, "eval_steps_per_second": 0.332, "epoch": 2.8}
{"eval_loss": 6.621033191680908, "eval_rouge1": 14.6158, "eval_rouge2": 3.6246, "eval_rougeL": 12.6771, "eval_rougeLsum": 13.5561, "eval_gen_len": 61.1818, "eval_runtime": 11.1121, "eval_samples_per_second": 4.95, "eval_steps_per_second": 0.36, "epoch": 3.8}
{"train_runtime": 103.0283, "train_samples_per_second": 11.88, "train_steps_per_second": 0.078, "train_loss": 10.071972846984863, "epoch": 3.8}
