{"eval_loss": 9.111821174621582, "eval_rouge1": 14.5676, "eval_rouge2": 3.0686, "eval_rougeL": 11.6815, "eval_rougeLsum": 13.562, "eval_gen_len": 69.9444, "eval_runtime": 15.8104, "eval_samples_per_second": 3.415, "eval_steps_per_second": 0.253, "epoch": 1.0}
{"eval_loss": 8.324402809143066, "eval_rouge1": 14.5814, "eval_rouge2": 3.1492, "eval_rougeL": 11.5991, "eval_rougeLsum": 13.5957, "eval_gen_len": 66.5, "eval_runtime": 12.6839, "eval_samples_per_second": 4.257, "eval_steps_per_second": 0.315, "epoch": 2.0}
{"eval_loss": 7.668939590454102, "eval_rouge1": 14.3247, "eval_rouge2": 3.1181, "eval_rougeL": 11.529, "eval_rougeLsum": 13.2303, "eval_gen_len": 64.0556, "eval_runtime": 11.6975, "eval_samples_per_second": 4.616, "eval_steps_per_second": 0.342, "epoch": 3.0}
{"eval_loss": 7.358852386474609, "eval_rouge1": 14.3844, "eval_rouge2": 3.1713, "eval_rougeL": 11.6728, "eval_rougeLsum": 13.3921, "eval_gen_len": 64.9259, "eval_runtime": 11.8804, "eval_samples_per_second": 4.545, "eval_steps_per_second": 0.337, "epoch": 4.0}
{"train_runtime": 111.8554, "train_samples_per_second": 9.012, "train_steps_per_second": 0.072, "train_loss": 8.937763214111328, "epoch": 4.0}
