{"eval_loss": 9.087630271911621, "eval_rouge1": 14.7216, "eval_rouge2": 3.0522, "eval_rougeL": 11.648, "eval_rougeLsum": 13.7288, "eval_gen_len": 66.6296, "eval_runtime": 14.3479, "eval_samples_per_second": 3.764, "eval_steps_per_second": 0.279, "epoch": 1.0}
{"eval_loss": 8.254837989807129, "eval_rouge1": 14.2155, "eval_rouge2": 3.1898, "eval_rougeL": 11.6546, "eval_rougeLsum": 13.1401, "eval_gen_len": 64.5185, "eval_runtime": 10.8978, "eval_samples_per_second": 4.955, "eval_steps_per_second": 0.367, "epoch": 2.0}
{"eval_loss": 7.619579792022705, "eval_rouge1": 14.6677, "eval_rouge2": 3.1868, "eval_rougeL": 12.0069, "eval_rougeLsum": 13.5281, "eval_gen_len": 63.037, "eval_runtime": 10.6477, "eval_samples_per_second": 5.072, "eval_steps_per_second": 0.376, "epoch": 3.0}
{"eval_loss": 7.310338973999023, "eval_rouge1": 14.4092, "eval_rouge2": 3.1176, "eval_rougeL": 11.463, "eval_rougeLsum": 13.2868, "eval_gen_len": 63.0, "eval_runtime": 10.7964, "eval_samples_per_second": 5.002, "eval_steps_per_second": 0.37, "epoch": 4.0}
{"train_runtime": 106.2983, "train_samples_per_second": 9.483, "train_steps_per_second": 0.075, "train_loss": 8.911598205566406, "epoch": 4.0}
