{"eval_loss": 2.6889116764068604, "eval_rouge1": 44.2762, "eval_rouge2": 27.2609, "eval_rougeL": 37.3278, "eval_rougeLsum": 39.3341, "eval_gen_len": 76.1069, "eval_runtime": 179.7072, "eval_samples_per_second": 3.801, "eval_steps_per_second": 0.239, "epoch": 0.99}
{"eval_loss": 2.476375102996826, "eval_rouge1": 45.0782, "eval_rouge2": 27.8258, "eval_rougeL": 37.9831, "eval_rougeLsum": 40.0233, "eval_gen_len": 73.2401, "eval_runtime": 156.191, "eval_samples_per_second": 4.373, "eval_steps_per_second": 0.275, "epoch": 1.99}
{"eval_loss": 2.399477958679199, "eval_rouge1": 45.6615, "eval_rouge2": 28.5667, "eval_rougeL": 38.4074, "eval_rougeLsum": 40.6761, "eval_gen_len": 74.9136, "eval_runtime": 157.3764, "eval_samples_per_second": 4.34, "eval_steps_per_second": 0.273, "epoch": 2.99}
{"eval_loss": 2.3866183757781982, "eval_rouge1": 45.5713, "eval_rouge2": 28.19, "eval_rougeL": 38.2265, "eval_rougeLsum": 40.3227, "eval_gen_len": 75.5051, "eval_runtime": 152.9599, "eval_samples_per_second": 4.465, "eval_steps_per_second": 0.281, "epoch": 3.99}
{"train_runtime": 1029.8932, "train_samples_per_second": 15.007, "train_steps_per_second": 0.117, "train_loss": 2.604461924235026, "epoch": 3.99}
