{"eval_loss": 2.815359354019165, "eval_rouge1": 43.3519, "eval_rouge2": 26.6462, "eval_rougeL": 36.3731, "eval_rougeLsum": 38.7239, "eval_gen_len": 76.1274, "eval_runtime": 174.095, "eval_samples_per_second": 3.923, "eval_steps_per_second": 0.247, "epoch": 0.99}
{"eval_loss": 2.5711216926574707, "eval_rouge1": 45.66, "eval_rouge2": 28.3742, "eval_rougeL": 38.1922, "eval_rougeLsum": 40.5945, "eval_gen_len": 71.6633, "eval_runtime": 154.586, "eval_samples_per_second": 4.418, "eval_steps_per_second": 0.278, "epoch": 1.99}
{"eval_loss": 2.4919610023498535, "eval_rouge1": 45.4626, "eval_rouge2": 28.3163, "eval_rougeL": 38.1861, "eval_rougeLsum": 40.46, "eval_gen_len": 74.3895, "eval_runtime": 156.5223, "eval_samples_per_second": 4.364, "eval_steps_per_second": 0.275, "epoch": 2.99}
{"eval_loss": 2.468421220779419, "eval_rouge1": 45.3014, "eval_rouge2": 28.1404, "eval_rougeL": 38.018, "eval_rougeLsum": 40.379, "eval_gen_len": 74.978, "eval_runtime": 159.3999, "eval_samples_per_second": 4.285, "eval_steps_per_second": 0.27, "epoch": 3.99}
{"train_runtime": 1028.9235, "train_samples_per_second": 15.022, "train_steps_per_second": 0.117, "train_loss": 2.7665484110514322, "epoch": 3.99}
