{"eval_loss": 3.1914756298065186, "eval_rouge1": 41.8857, "eval_rouge2": 25.4339, "eval_rougeL": 35.0284, "eval_rougeLsum": 37.2276, "eval_gen_len": 79.1537, "eval_runtime": 194.096, "eval_samples_per_second": 3.519, "eval_steps_per_second": 0.222, "epoch": 0.99}
{"eval_loss": 2.799208164215088, "eval_rouge1": 43.7593, "eval_rouge2": 27.0115, "eval_rougeL": 36.7265, "eval_rougeLsum": 39.009, "eval_gen_len": 75.5622, "eval_runtime": 174.0481, "eval_samples_per_second": 3.924, "eval_steps_per_second": 0.247, "epoch": 1.99}
{"eval_loss": 2.695251226425171, "eval_rouge1": 43.9826, "eval_rouge2": 27.1086, "eval_rougeL": 36.8352, "eval_rougeLsum": 39.2912, "eval_gen_len": 76.1435, "eval_runtime": 173.2728, "eval_samples_per_second": 3.942, "eval_steps_per_second": 0.248, "epoch": 2.99}
{"eval_loss": 2.6693882942199707, "eval_rouge1": 44.3716, "eval_rouge2": 27.5018, "eval_rougeL": 37.2221, "eval_rougeLsum": 39.6431, "eval_gen_len": 76.1581, "eval_runtime": 170.1336, "eval_samples_per_second": 4.014, "eval_steps_per_second": 0.253, "epoch": 3.99}
{"train_runtime": 1101.3105, "train_samples_per_second": 14.034, "train_steps_per_second": 0.109, "train_loss": 3.084228769938151, "epoch": 3.99}
