{"eval_loss": 2.680755138397217, "eval_rouge1": 43.3008, "eval_rouge2": 26.5295, "eval_rougeL": 36.2779, "eval_rougeLsum": 38.6638, "eval_gen_len": 82.2723, "eval_runtime": 199.4112, "eval_samples_per_second": 3.425, "eval_steps_per_second": 0.216, "epoch": 0.99}
{"eval_loss": 2.4704792499542236, "eval_rouge1": 45.3208, "eval_rouge2": 28.3157, "eval_rougeL": 38.2927, "eval_rougeLsum": 40.5443, "eval_gen_len": 73.8287, "eval_runtime": 157.7136, "eval_samples_per_second": 4.331, "eval_steps_per_second": 0.273, "epoch": 1.99}
{"eval_loss": 2.403397560119629, "eval_rouge1": 45.4299, "eval_rouge2": 28.2305, "eval_rougeL": 37.9785, "eval_rougeLsum": 40.6202, "eval_gen_len": 77.2928, "eval_runtime": 157.8896, "eval_samples_per_second": 4.326, "eval_steps_per_second": 0.272, "epoch": 2.99}
{"eval_loss": 2.380124568939209, "eval_rouge1": 45.5335, "eval_rouge2": 28.4616, "eval_rougeL": 38.2557, "eval_rougeLsum": 40.6461, "eval_gen_len": 76.2621, "eval_runtime": 154.3585, "eval_samples_per_second": 4.425, "eval_steps_per_second": 0.279, "epoch": 3.99}
{"train_runtime": 1052.7141, "train_samples_per_second": 14.682, "train_steps_per_second": 0.114, "train_loss": 2.6021082560221354, "epoch": 3.99}
