{"eval_loss": 9.462911605834961, "eval_rouge1": 14.7287, "eval_rouge2": 2.1817, "eval_rougeL": 11.9357, "eval_rougeLsum": 12.8758, "eval_gen_len": 68.3077, "eval_runtime": 3.5426, "eval_samples_per_second": 3.67, "eval_steps_per_second": 0.282, "epoch": 1.0}
{"eval_loss": 8.751938819885254, "eval_rouge1": 14.8635, "eval_rouge2": 2.0544, "eval_rougeL": 12.2715, "eval_rougeLsum": 12.7789, "eval_gen_len": 67.1538, "eval_runtime": 3.4872, "eval_samples_per_second": 3.728, "eval_steps_per_second": 0.287, "epoch": 2.0}
{"eval_loss": 8.278047561645508, "eval_rouge1": 14.7743, "eval_rouge2": 2.0351, "eval_rougeL": 11.8177, "eval_rougeLsum": 12.9521, "eval_gen_len": 66.3846, "eval_runtime": 3.6511, "eval_samples_per_second": 3.561, "eval_steps_per_second": 0.274, "epoch": 3.0}
{"eval_loss": 8.063315391540527, "eval_rouge1": 15.2054, "eval_rouge2": 1.8071, "eval_rougeL": 12.117, "eval_rougeLsum": 12.7049, "eval_gen_len": 64.9231, "eval_runtime": 3.5565, "eval_samples_per_second": 3.655, "eval_steps_per_second": 0.281, "epoch": 4.0}
{"train_runtime": 51.5599, "train_samples_per_second": 5.586, "train_steps_per_second": 0.078, "train_loss": 5.931521415710449, "epoch": 4.0}
