{"eval_loss": 9.23134994506836, "eval_rouge1": 12.6696, "eval_rouge2": 3.2073, "eval_rougeL": 11.1489, "eval_rougeLsum": 11.8977, "eval_gen_len": 69.0364, "eval_runtime": 16.0809, "eval_samples_per_second": 3.42, "eval_steps_per_second": 0.249, "epoch": 0.8}
{"eval_loss": 8.291882514953613, "eval_rouge1": 13.4323, "eval_rouge2": 3.6316, "eval_rougeL": 12.043, "eval_rougeLsum": 12.2717, "eval_gen_len": 64.7455, "eval_runtime": 12.1263, "eval_samples_per_second": 4.536, "eval_steps_per_second": 0.33, "epoch": 1.8}
{"eval_loss": 7.6204047203063965, "eval_rouge1": 13.8546, "eval_rouge2": 3.7252, "eval_rougeL": 12.0579, "eval_rougeLsum": 12.8942, "eval_gen_len": 64.3636, "eval_runtime": 11.1479, "eval_samples_per_second": 4.934, "eval_steps_per_second": 0.359, "epoch": 2.8}
{"eval_loss": 7.307443618774414, "eval_rouge1": 13.958, "eval_rouge2": 3.6937, "eval_rougeL": 12.1898, "eval_rougeLsum": 12.7895, "eval_gen_len": 63.4909, "eval_runtime": 11.1807, "eval_samples_per_second": 4.919, "eval_steps_per_second": 0.358, "epoch": 3.8}
{"train_runtime": 103.2261, "train_samples_per_second": 11.857, "train_steps_per_second": 0.077, "train_loss": 10.460352897644043, "epoch": 3.8}
