{"eval_loss": 9.100021362304688, "eval_rouge1": 13.2153, "eval_rouge2": 3.5252, "eval_rougeL": 11.4405, "eval_rougeLsum": 12.4206, "eval_gen_len": 65.0, "eval_runtime": 12.2477, "eval_samples_per_second": 4.491, "eval_steps_per_second": 0.327, "epoch": 0.8}
{"eval_loss": 7.931137561798096, "eval_rouge1": 13.3518, "eval_rouge2": 3.6385, "eval_rougeL": 11.6081, "eval_rougeLsum": 11.9983, "eval_gen_len": 64.4364, "eval_runtime": 11.4017, "eval_samples_per_second": 4.824, "eval_steps_per_second": 0.351, "epoch": 1.8}
{"eval_loss": 7.057524681091309, "eval_rouge1": 14.1456, "eval_rouge2": 3.7456, "eval_rougeL": 12.5243, "eval_rougeLsum": 12.9001, "eval_gen_len": 61.8364, "eval_runtime": 11.1473, "eval_samples_per_second": 4.934, "eval_steps_per_second": 0.359, "epoch": 2.8}
{"eval_loss": 6.621033191680908, "eval_rouge1": 14.6921, "eval_rouge2": 3.6429, "eval_rougeL": 12.7279, "eval_rougeLsum": 13.4947, "eval_gen_len": 61.1818, "eval_runtime": 10.4518, "eval_samples_per_second": 5.262, "eval_steps_per_second": 0.383, "epoch": 3.8}
{"train_runtime": 98.1256, "train_samples_per_second": 12.474, "train_steps_per_second": 0.082, "train_loss": 10.071972846984863, "epoch": 3.8}
