{"eval_loss": 9.578068733215332, "eval_rouge1": 13.5968, "eval_rouge2": 3.4865, "eval_rougeL": 12.0227, "eval_rougeLsum": 12.612, "eval_gen_len": 65.7091, "eval_runtime": 12.5754, "eval_samples_per_second": 4.374, "eval_steps_per_second": 0.318, "epoch": 0.8}
{"eval_loss": 8.238656997680664, "eval_rouge1": 13.0793, "eval_rouge2": 3.3344, "eval_rougeL": 11.3945, "eval_rougeLsum": 12.0751, "eval_gen_len": 65.5818, "eval_runtime": 11.899, "eval_samples_per_second": 4.622, "eval_steps_per_second": 0.336, "epoch": 1.8}
{"eval_loss": 7.439565658569336, "eval_rouge1": 13.6801, "eval_rouge2": 3.5191, "eval_rougeL": 11.6862, "eval_rougeLsum": 12.5942, "eval_gen_len": 63.9273, "eval_runtime": 11.4545, "eval_samples_per_second": 4.802, "eval_steps_per_second": 0.349, "epoch": 2.8}
{"eval_loss": 7.014164447784424, "eval_rouge1": 13.9653, "eval_rouge2": 3.6837, "eval_rougeL": 12.1361, "eval_rougeLsum": 12.9451, "eval_gen_len": 63.1455, "eval_runtime": 11.4078, "eval_samples_per_second": 4.821, "eval_steps_per_second": 0.351, "epoch": 3.8}
{"train_runtime": 100.0557, "train_samples_per_second": 12.233, "train_steps_per_second": 0.08, "train_loss": 10.389634132385254, "epoch": 3.8}
