{"eval_loss": 2.825531005859375, "eval_rouge1": 43.365, "eval_rouge2": 26.6066, "eval_rougeL": 36.284, "eval_rougeLsum": 38.466, "eval_gen_len": 77.9722, "eval_runtime": 181.1157, "eval_samples_per_second": 3.771, "eval_steps_per_second": 0.237, "epoch": 0.99}
{"eval_loss": 2.5763914585113525, "eval_rouge1": 44.9009, "eval_rouge2": 27.6756, "eval_rougeL": 37.6327, "eval_rougeLsum": 39.871, "eval_gen_len": 75.2884, "eval_runtime": 172.0172, "eval_samples_per_second": 3.971, "eval_steps_per_second": 0.25, "epoch": 1.99}
{"eval_loss": 2.502030611038208, "eval_rouge1": 45.2934, "eval_rouge2": 28.4142, "eval_rougeL": 38.2046, "eval_rougeLsum": 40.481, "eval_gen_len": 74.4524, "eval_runtime": 160.3601, "eval_samples_per_second": 4.259, "eval_steps_per_second": 0.268, "epoch": 2.99}
{"eval_loss": 2.48042631149292, "eval_rouge1": 45.3622, "eval_rouge2": 28.2481, "eval_rougeL": 38.0447, "eval_rougeLsum": 40.3882, "eval_gen_len": 74.8931, "eval_runtime": 156.7871, "eval_samples_per_second": 4.356, "eval_steps_per_second": 0.274, "epoch": 3.99}
{"train_runtime": 1060.0009, "train_samples_per_second": 14.581, "train_steps_per_second": 0.113, "train_loss": 2.771570078531901, "epoch": 3.99}
