{"eval_loss": 9.649186134338379, "eval_rouge1": 12.7011, "eval_rouge2": 3.2578, "eval_rougeL": 10.8963, "eval_rougeLsum": 11.5745, "eval_gen_len": 72.3091, "eval_runtime": 17.1845, "eval_samples_per_second": 3.201, "eval_steps_per_second": 0.233, "epoch": 0.8}
{"eval_loss": 9.08337116241455, "eval_rouge1": 13.018, "eval_rouge2": 3.3619, "eval_rougeL": 11.2706, "eval_rougeLsum": 11.9871, "eval_gen_len": 72.9091, "eval_runtime": 16.6494, "eval_samples_per_second": 3.303, "eval_steps_per_second": 0.24, "epoch": 1.8}
{"eval_loss": 8.7284574508667, "eval_rouge1": 12.8591, "eval_rouge2": 3.0855, "eval_rougeL": 11.0837, "eval_rougeLsum": 11.7888, "eval_gen_len": 68.6, "eval_runtime": 13.0653, "eval_samples_per_second": 4.21, "eval_steps_per_second": 0.306, "epoch": 2.8}
{"eval_loss": 8.569321632385254, "eval_rouge1": 12.4962, "eval_rouge2": 3.2575, "eval_rougeL": 10.8303, "eval_rougeLsum": 11.6793, "eval_gen_len": 69.0727, "eval_runtime": 13.4343, "eval_samples_per_second": 4.094, "eval_steps_per_second": 0.298, "epoch": 3.8}
{"train_runtime": 115.5174, "train_samples_per_second": 10.596, "train_steps_per_second": 0.069, "train_loss": 11.263121604919434, "epoch": 3.8}
