{"eval_loss": 2.8231661319732666, "eval_rouge1": 43.3632, "eval_rouge2": 26.7988, "eval_rougeL": 36.5688, "eval_rougeLsum": 38.7419, "eval_gen_len": 75.7086, "eval_runtime": 166.733, "eval_samples_per_second": 4.096, "eval_steps_per_second": 0.258, "epoch": 0.99}
{"eval_loss": 2.5806617736816406, "eval_rouge1": 44.2471, "eval_rouge2": 27.2415, "eval_rougeL": 37.0383, "eval_rougeLsum": 39.4479, "eval_gen_len": 78.5154, "eval_runtime": 172.4568, "eval_samples_per_second": 3.96, "eval_steps_per_second": 0.249, "epoch": 1.99}
{"eval_loss": 2.5022401809692383, "eval_rouge1": 45.0744, "eval_rouge2": 28.0462, "eval_rougeL": 37.8691, "eval_rougeLsum": 40.3345, "eval_gen_len": 74.1991, "eval_runtime": 150.0208, "eval_samples_per_second": 4.553, "eval_steps_per_second": 0.287, "epoch": 2.99}
{"eval_loss": 2.4724321365356445, "eval_rouge1": 45.4193, "eval_rouge2": 28.1074, "eval_rougeL": 38.106, "eval_rougeLsum": 40.4245, "eval_gen_len": 74.4993, "eval_runtime": 152.4287, "eval_samples_per_second": 4.481, "eval_steps_per_second": 0.282, "epoch": 3.99}
{"train_runtime": 1048.2756, "train_samples_per_second": 14.744, "train_steps_per_second": 0.114, "train_loss": 2.769879150390625, "epoch": 3.99}
