{"eval_loss": 2.680598258972168, "eval_rouge1": 43.3461, "eval_rouge2": 26.7331, "eval_rougeL": 36.4143, "eval_rougeLsum": 38.7473, "eval_gen_len": 79.0483, "eval_runtime": 181.4799, "eval_samples_per_second": 3.764, "eval_steps_per_second": 0.237, "epoch": 0.99}
{"eval_loss": 2.47560453414917, "eval_rouge1": 44.7539, "eval_rouge2": 28.0965, "eval_rougeL": 37.6922, "eval_rougeLsum": 40.0286, "eval_gen_len": 75.1596, "eval_runtime": 153.7696, "eval_samples_per_second": 4.442, "eval_steps_per_second": 0.28, "epoch": 1.99}
{"eval_loss": 2.4126529693603516, "eval_rouge1": 45.2516, "eval_rouge2": 28.0617, "eval_rougeL": 37.9314, "eval_rougeLsum": 40.305, "eval_gen_len": 76.9283, "eval_runtime": 154.7187, "eval_samples_per_second": 4.414, "eval_steps_per_second": 0.278, "epoch": 2.99}
{"eval_loss": 2.380204439163208, "eval_rouge1": 45.782, "eval_rouge2": 28.4412, "eval_rougeL": 38.4374, "eval_rougeLsum": 40.7933, "eval_gen_len": 75.0893, "eval_runtime": 141.9927, "eval_samples_per_second": 4.81, "eval_steps_per_second": 0.303, "epoch": 3.99}
{"train_runtime": 1054.8219, "train_samples_per_second": 14.653, "train_steps_per_second": 0.114, "train_loss": 2.6019060770670572, "epoch": 3.99}
