{"eval_loss": 3.189319372177124, "eval_rouge1": 41.8452, "eval_rouge2": 25.5255, "eval_rougeL": 35.0889, "eval_rougeLsum": 37.4819, "eval_gen_len": 78.0088, "eval_runtime": 177.3556, "eval_samples_per_second": 3.851, "eval_steps_per_second": 0.242, "epoch": 0.99}
{"eval_loss": 2.797351598739624, "eval_rouge1": 43.4998, "eval_rouge2": 26.7672, "eval_rougeL": 36.4388, "eval_rougeLsum": 38.8278, "eval_gen_len": 77.6969, "eval_runtime": 168.5387, "eval_samples_per_second": 4.052, "eval_steps_per_second": 0.255, "epoch": 1.99}
{"eval_loss": 2.6946940422058105, "eval_rouge1": 44.3804, "eval_rouge2": 27.3235, "eval_rougeL": 37.2574, "eval_rougeLsum": 39.5348, "eval_gen_len": 76.3045, "eval_runtime": 166.2661, "eval_samples_per_second": 4.108, "eval_steps_per_second": 0.259, "epoch": 2.99}
{"eval_loss": 2.6676909923553467, "eval_rouge1": 44.4258, "eval_rouge2": 27.4347, "eval_rougeL": 37.1661, "eval_rougeLsum": 39.6065, "eval_gen_len": 74.937, "eval_runtime": 160.2328, "eval_samples_per_second": 4.263, "eval_steps_per_second": 0.268, "epoch": 3.99}
{"train_runtime": 1083.1941, "train_samples_per_second": 14.269, "train_steps_per_second": 0.111, "train_loss": 3.0833330790201825, "epoch": 3.99}
