{"eval_loss": 2.680598258972168, "eval_rouge1": 43.312, "eval_rouge2": 26.6847, "eval_rougeL": 36.4322, "eval_rougeLsum": 38.7041, "eval_gen_len": 79.0483, "eval_runtime": 175.4149, "eval_samples_per_second": 3.894, "eval_steps_per_second": 0.245, "epoch": 0.99}
{"eval_loss": 2.47560453414917, "eval_rouge1": 44.7661, "eval_rouge2": 28.074, "eval_rougeL": 37.7108, "eval_rougeLsum": 40.0343, "eval_gen_len": 75.1596, "eval_runtime": 158.1807, "eval_samples_per_second": 4.318, "eval_steps_per_second": 0.272, "epoch": 1.99}
{"eval_loss": 2.4126529693603516, "eval_rouge1": 45.229, "eval_rouge2": 28.0227, "eval_rougeL": 37.9349, "eval_rougeLsum": 40.3144, "eval_gen_len": 76.9283, "eval_runtime": 156.1844, "eval_samples_per_second": 4.373, "eval_steps_per_second": 0.275, "epoch": 2.99}
{"eval_loss": 2.380204439163208, "eval_rouge1": 45.7799, "eval_rouge2": 28.4047, "eval_rougeL": 38.4575, "eval_rougeLsum": 40.7565, "eval_gen_len": 75.0893, "eval_runtime": 140.3473, "eval_samples_per_second": 4.866, "eval_steps_per_second": 0.306, "epoch": 3.99}
{"train_runtime": 1049.4774, "train_samples_per_second": 14.727, "train_steps_per_second": 0.114, "train_loss": 2.6019060770670572, "epoch": 3.99}
