{"eval_loss": 3.1961910724639893, "eval_rouge1": 41.9594, "eval_rouge2": 25.6072, "eval_rougeL": 35.002, "eval_rougeLsum": 37.4362, "eval_gen_len": 79.7936, "eval_runtime": 185.4898, "eval_samples_per_second": 3.682, "eval_steps_per_second": 0.232, "epoch": 0.99}
{"eval_loss": 2.7996606826782227, "eval_rouge1": 43.5072, "eval_rouge2": 26.7108, "eval_rougeL": 36.5692, "eval_rougeLsum": 38.7987, "eval_gen_len": 78.6413, "eval_runtime": 174.1515, "eval_samples_per_second": 3.922, "eval_steps_per_second": 0.247, "epoch": 1.99}
{"eval_loss": 2.6929945945739746, "eval_rouge1": 44.3972, "eval_rouge2": 27.3722, "eval_rougeL": 37.2616, "eval_rougeLsum": 39.5076, "eval_gen_len": 74.4905, "eval_runtime": 156.8732, "eval_samples_per_second": 4.354, "eval_steps_per_second": 0.274, "epoch": 2.99}
{"eval_loss": 2.668168544769287, "eval_rouge1": 44.3262, "eval_rouge2": 27.5239, "eval_rougeL": 37.1745, "eval_rougeLsum": 39.4772, "eval_gen_len": 75.713, "eval_runtime": 160.7907, "eval_samples_per_second": 4.248, "eval_steps_per_second": 0.267, "epoch": 3.99}
{"train_runtime": 1083.0633, "train_samples_per_second": 14.271, "train_steps_per_second": 0.111, "train_loss": 3.084490966796875, "epoch": 3.99}
