{"eval_loss": 9.596068382263184, "eval_rouge1": 14.7213, "eval_rouge2": 1.8853, "eval_rougeL": 11.8623, "eval_rougeLsum": 12.3768, "eval_gen_len": 68.5385, "eval_runtime": 3.1904, "eval_samples_per_second": 4.075, "eval_steps_per_second": 0.313, "epoch": 1.0}
{"eval_loss": 9.019097328186035, "eval_rouge1": 14.9852, "eval_rouge2": 2.2946, "eval_rougeL": 12.1199, "eval_rougeLsum": 12.5047, "eval_gen_len": 67.9231, "eval_runtime": 3.1931, "eval_samples_per_second": 4.071, "eval_steps_per_second": 0.313, "epoch": 2.0}
{"eval_loss": 8.677512168884277, "eval_rouge1": 15.4485, "eval_rouge2": 2.0749, "eval_rougeL": 12.5602, "eval_rougeLsum": 13.0869, "eval_gen_len": 66.4615, "eval_runtime": 3.2335, "eval_samples_per_second": 4.02, "eval_steps_per_second": 0.309, "epoch": 3.0}
{"eval_loss": 8.507218360900879, "eval_rouge1": 15.777, "eval_rouge2": 2.2816, "eval_rougeL": 12.9005, "eval_rougeLsum": 13.3862, "eval_gen_len": 65.9231, "eval_runtime": 3.0287, "eval_samples_per_second": 4.292, "eval_steps_per_second": 0.33, "epoch": 4.0}
{"train_runtime": 57.5775, "train_samples_per_second": 5.002, "train_steps_per_second": 0.069, "train_loss": 6.065774917602539, "epoch": 4.0}
