{"eval_loss": 9.596068382263184, "eval_rouge1": 14.5255, "eval_rouge2": 1.8343, "eval_rougeL": 11.9117, "eval_rougeLsum": 12.3386, "eval_gen_len": 68.5385, "eval_runtime": 3.8163, "eval_samples_per_second": 3.406, "eval_steps_per_second": 0.262, "epoch": 1.0}
{"eval_loss": 9.019097328186035, "eval_rouge1": 14.8271, "eval_rouge2": 2.2216, "eval_rougeL": 12.1884, "eval_rougeLsum": 12.4511, "eval_gen_len": 67.9231, "eval_runtime": 3.6228, "eval_samples_per_second": 3.588, "eval_steps_per_second": 0.276, "epoch": 2.0}
{"eval_loss": 8.677512168884277, "eval_rouge1": 15.2817, "eval_rouge2": 2.0366, "eval_rougeL": 12.6425, "eval_rougeLsum": 13.0502, "eval_gen_len": 66.4615, "eval_runtime": 3.1336, "eval_samples_per_second": 4.149, "eval_steps_per_second": 0.319, "epoch": 3.0}
{"eval_loss": 8.507218360900879, "eval_rouge1": 15.6281, "eval_rouge2": 2.2604, "eval_rougeL": 12.9566, "eval_rougeLsum": 13.4095, "eval_gen_len": 65.9231, "eval_runtime": 2.9727, "eval_samples_per_second": 4.373, "eval_steps_per_second": 0.336, "epoch": 4.0}
{"train_runtime": 60.5745, "train_samples_per_second": 4.754, "train_steps_per_second": 0.066, "train_loss": 6.065774917602539, "epoch": 4.0}
