{"eval_loss": 9.640671730041504, "eval_rouge1": 12.5221, "eval_rouge2": 3.1537, "eval_rougeL": 11.1458, "eval_rougeLsum": 11.5431, "eval_gen_len": 73.5818, "eval_runtime": 18.8916, "eval_samples_per_second": 2.911, "eval_steps_per_second": 0.212, "epoch": 0.8}
{"eval_loss": 9.069053649902344, "eval_rouge1": 12.816, "eval_rouge2": 3.3962, "eval_rougeL": 11.2516, "eval_rougeLsum": 11.783, "eval_gen_len": 71.4182, "eval_runtime": 15.8371, "eval_samples_per_second": 3.473, "eval_steps_per_second": 0.253, "epoch": 1.8}
{"eval_loss": 8.714599609375, "eval_rouge1": 12.6991, "eval_rouge2": 3.2531, "eval_rougeL": 10.9942, "eval_rougeLsum": 11.812, "eval_gen_len": 67.4182, "eval_runtime": 12.1667, "eval_samples_per_second": 4.521, "eval_steps_per_second": 0.329, "epoch": 2.8}
{"eval_loss": 8.555953025817871, "eval_rouge1": 12.4424, "eval_rouge2": 3.284, "eval_rougeL": 11.1783, "eval_rougeLsum": 11.6785, "eval_gen_len": 67.5818, "eval_runtime": 12.308, "eval_samples_per_second": 4.469, "eval_steps_per_second": 0.325, "epoch": 3.8}
{"train_runtime": 123.8791, "train_samples_per_second": 9.881, "train_steps_per_second": 0.065, "train_loss": 11.251425743103027, "epoch": 3.8}
