{"eval_loss": 9.647489547729492, "eval_rouge1": 12.4991, "eval_rouge2": 2.9166, "eval_rougeL": 10.5878, "eval_rougeLsum": 11.1973, "eval_gen_len": 70.0364, "eval_runtime": 16.0897, "eval_samples_per_second": 3.418, "eval_steps_per_second": 0.249, "epoch": 0.8}
{"eval_loss": 9.079916954040527, "eval_rouge1": 13.0523, "eval_rouge2": 3.3935, "eval_rougeL": 11.163, "eval_rougeLsum": 11.9851, "eval_gen_len": 71.3273, "eval_runtime": 15.5761, "eval_samples_per_second": 3.531, "eval_steps_per_second": 0.257, "epoch": 1.8}
{"eval_loss": 8.726201057434082, "eval_rouge1": 12.7498, "eval_rouge2": 3.3977, "eval_rougeL": 11.0766, "eval_rougeLsum": 11.9244, "eval_gen_len": 67.5091, "eval_runtime": 11.735, "eval_samples_per_second": 4.687, "eval_steps_per_second": 0.341, "epoch": 2.8}
{"eval_loss": 8.568154335021973, "eval_rouge1": 13.5742, "eval_rouge2": 3.5015, "eval_rougeL": 11.8911, "eval_rougeLsum": 12.7072, "eval_gen_len": 67.0727, "eval_runtime": 12.1526, "eval_samples_per_second": 4.526, "eval_steps_per_second": 0.329, "epoch": 3.8}
{"train_runtime": 121.9317, "train_samples_per_second": 10.038, "train_steps_per_second": 0.066, "train_loss": 11.265087127685547, "epoch": 3.8}
