{"eval_loss": 9.227315902709961, "eval_rouge1": 13.7148, "eval_rouge2": 3.7066, "eval_rougeL": 11.8169, "eval_rougeLsum": 12.3021, "eval_gen_len": 67.6909, "eval_runtime": 15.1988, "eval_samples_per_second": 3.619, "eval_steps_per_second": 0.263, "epoch": 0.8}
{"eval_loss": 8.304648399353027, "eval_rouge1": 13.2211, "eval_rouge2": 3.4488, "eval_rougeL": 11.4838, "eval_rougeLsum": 12.1763, "eval_gen_len": 65.1636, "eval_runtime": 11.4204, "eval_samples_per_second": 4.816, "eval_steps_per_second": 0.35, "epoch": 1.8}
{"eval_loss": 7.634461879730225, "eval_rouge1": 13.5531, "eval_rouge2": 3.6094, "eval_rougeL": 11.8479, "eval_rougeLsum": 12.5693, "eval_gen_len": 64.0182, "eval_runtime": 11.3114, "eval_samples_per_second": 4.862, "eval_steps_per_second": 0.354, "epoch": 2.8}
{"eval_loss": 7.2967095375061035, "eval_rouge1": 13.901, "eval_rouge2": 3.756, "eval_rougeL": 12.1055, "eval_rougeLsum": 12.9145, "eval_gen_len": 63.1818, "eval_runtime": 11.0114, "eval_samples_per_second": 4.995, "eval_steps_per_second": 0.363, "epoch": 3.8}
{"train_runtime": 213.2473, "train_samples_per_second": 5.74, "train_steps_per_second": 0.038, "train_loss": 10.475314140319824, "epoch": 3.8}
