{"eval_loss": 8.976981163024902, "eval_rouge1": 12.7232, "eval_rouge2": 3.2918, "eval_rougeL": 11.1447, "eval_rougeLsum": 11.6949, "eval_gen_len": 66.1455, "eval_runtime": 12.1863, "eval_samples_per_second": 4.513, "eval_steps_per_second": 0.328, "epoch": 0.8}
{"eval_loss": 7.711733341217041, "eval_rouge1": 12.9988, "eval_rouge2": 3.6886, "eval_rougeL": 11.2648, "eval_rougeLsum": 12.0201, "eval_gen_len": 63.9273, "eval_runtime": 11.869, "eval_samples_per_second": 4.634, "eval_steps_per_second": 0.337, "epoch": 1.8}
{"eval_loss": 6.796997547149658, "eval_rouge1": 13.6703, "eval_rouge2": 3.7671, "eval_rougeL": 11.8975, "eval_rougeLsum": 12.7684, "eval_gen_len": 62.6727, "eval_runtime": 11.4741, "eval_samples_per_second": 4.793, "eval_steps_per_second": 0.349, "epoch": 2.8}
{"eval_loss": 6.333261489868164, "eval_rouge1": 14.0953, "eval_rouge2": 3.9114, "eval_rougeL": 12.4033, "eval_rougeLsum": 13.0793, "eval_gen_len": 61.5091, "eval_runtime": 10.2707, "eval_samples_per_second": 5.355, "eval_steps_per_second": 0.389, "epoch": 3.8}
{"train_runtime": 142.6204, "train_samples_per_second": 8.582, "train_steps_per_second": 0.056, "train_loss": 9.907090187072754, "epoch": 3.8}
