{"eval_loss": 3.5104336738586426, "eval_rouge1": 39.5822, "eval_rouge2": 23.1704, "eval_rougeL": 32.8148, "eval_rougeLsum": 35.0514, "eval_gen_len": 86.4092, "eval_runtime": 95.0932, "eval_samples_per_second": 3.186, "eval_steps_per_second": 0.2, "epoch": 0.96}
{"eval_loss": 3.1007750034332275, "eval_rouge1": 41.7017, "eval_rouge2": 24.7702, "eval_rougeL": 34.9181, "eval_rougeLsum": 37.1537, "eval_gen_len": 79.4257, "eval_runtime": 92.647, "eval_samples_per_second": 3.27, "eval_steps_per_second": 0.205, "epoch": 1.96}
{"eval_loss": 2.9457767009735107, "eval_rouge1": 42.5312, "eval_rouge2": 25.5194, "eval_rougeL": 35.5275, "eval_rougeLsum": 37.8184, "eval_gen_len": 76.1386, "eval_runtime": 84.2072, "eval_samples_per_second": 3.598, "eval_steps_per_second": 0.226, "epoch": 2.96}
{"eval_loss": 2.903059720993042, "eval_rouge1": 42.6707, "eval_rouge2": 25.4746, "eval_rougeL": 35.6165, "eval_rougeLsum": 37.7703, "eval_gen_len": 76.1452, "eval_runtime": 74.1386, "eval_samples_per_second": 4.087, "eval_steps_per_second": 0.256, "epoch": 3.96}
{"train_runtime": 542.9155, "train_samples_per_second": 12.635, "train_steps_per_second": 0.096, "train_loss": 3.367269075833834, "epoch": 3.96}
