{"eval_loss": 3.3867783546447754, "eval_rouge1": 39.4092, "eval_rouge2": 22.8945, "eval_rougeL": 32.5618, "eval_rougeLsum": 34.8401, "eval_gen_len": 89.1452, "eval_runtime": 95.8978, "eval_samples_per_second": 3.16, "eval_steps_per_second": 0.198, "epoch": 0.99}
{"eval_loss": 2.9475090503692627, "eval_rouge1": 41.7891, "eval_rouge2": 24.8904, "eval_rougeL": 34.9473, "eval_rougeLsum": 37.2845, "eval_gen_len": 78.4323, "eval_runtime": 79.3764, "eval_samples_per_second": 3.817, "eval_steps_per_second": 0.239, "epoch": 1.99}
{"eval_loss": 2.7962779998779297, "eval_rouge1": 43.514, "eval_rouge2": 25.9906, "eval_rougeL": 36.4337, "eval_rougeLsum": 38.6942, "eval_gen_len": 76.0957, "eval_runtime": 74.0341, "eval_samples_per_second": 4.093, "eval_steps_per_second": 0.257, "epoch": 2.99}
{"eval_loss": 2.7556841373443604, "eval_rouge1": 43.7392, "eval_rouge2": 26.0743, "eval_rougeL": 36.5103, "eval_rougeLsum": 38.7014, "eval_gen_len": 74.462, "eval_runtime": 71.3483, "eval_samples_per_second": 4.247, "eval_steps_per_second": 0.266, "epoch": 3.99}
{"train_runtime": 491.9979, "train_samples_per_second": 11.48, "train_steps_per_second": 0.089, "train_loss": 3.210770000110973, "epoch": 3.99}
