{"eval_loss": 2.679664373397827, "eval_rouge1": 44.4874, "eval_rouge2": 27.3671, "eval_rougeL": 37.0833, "eval_rougeLsum": 39.5634, "eval_gen_len": 76.2343, "eval_runtime": 166.9938, "eval_samples_per_second": 4.09, "eval_steps_per_second": 0.257, "epoch": 0.99}
{"eval_loss": 2.468621015548706, "eval_rouge1": 45.3553, "eval_rouge2": 28.2169, "eval_rougeL": 38.1157, "eval_rougeLsum": 40.5717, "eval_gen_len": 74.4758, "eval_runtime": 154.9517, "eval_samples_per_second": 4.408, "eval_steps_per_second": 0.278, "epoch": 1.99}
{"eval_loss": 2.395824909210205, "eval_rouge1": 45.5456, "eval_rouge2": 28.3186, "eval_rougeL": 38.0287, "eval_rougeLsum": 40.5889, "eval_gen_len": 75.1698, "eval_runtime": 147.1714, "eval_samples_per_second": 4.641, "eval_steps_per_second": 0.292, "epoch": 2.99}
{"eval_loss": 2.3801417350769043, "eval_rouge1": 45.5048, "eval_rouge2": 28.239, "eval_rougeL": 38.1599, "eval_rougeLsum": 40.5617, "eval_gen_len": 76.5461, "eval_runtime": 147.8774, "eval_samples_per_second": 4.619, "eval_steps_per_second": 0.291, "epoch": 3.99}
{"train_runtime": 1035.3431, "train_samples_per_second": 14.928, "train_steps_per_second": 0.116, "train_loss": 2.6030593872070313, "epoch": 3.99}
