{"eval_loss": 3.8231310844421387, "eval_rouge1": 39.457, "eval_rouge2": 23.3042, "eval_rougeL": 32.4997, "eval_rougeLsum": 34.7406, "eval_gen_len": 76.967, "eval_runtime": 76.7377, "eval_samples_per_second": 3.949, "eval_steps_per_second": 0.248, "epoch": 0.96}
{"eval_loss": 3.4996681213378906, "eval_rouge1": 39.4856, "eval_rouge2": 23.3291, "eval_rougeL": 32.7823, "eval_rougeLsum": 35.2177, "eval_gen_len": 83.6337, "eval_runtime": 90.3235, "eval_samples_per_second": 3.355, "eval_steps_per_second": 0.21, "epoch": 1.96}
{"eval_loss": 3.3317770957946777, "eval_rouge1": 40.2805, "eval_rouge2": 24.0259, "eval_rougeL": 33.4493, "eval_rougeLsum": 35.9727, "eval_gen_len": 81.4059, "eval_runtime": 84.3756, "eval_samples_per_second": 3.591, "eval_steps_per_second": 0.225, "epoch": 2.96}
{"eval_loss": 3.2668309211730957, "eval_rouge1": 40.8966, "eval_rouge2": 24.2811, "eval_rougeL": 34.0614, "eval_rougeLsum": 36.5096, "eval_gen_len": 80.7624, "eval_runtime": 83.1908, "eval_samples_per_second": 3.642, "eval_steps_per_second": 0.228, "epoch": 3.96}
{"train_runtime": 531.9028, "train_samples_per_second": 12.897, "train_steps_per_second": 0.098, "train_loss": 3.760001255915715, "epoch": 3.96}
