{"eval_loss": 2.8184783458709717, "eval_rouge1": 43.3089, "eval_rouge2": 26.6271, "eval_rougeL": 36.3101, "eval_rougeLsum": 38.5568, "eval_gen_len": 77.4129, "eval_runtime": 173.1082, "eval_samples_per_second": 3.946, "eval_steps_per_second": 0.248, "epoch": 0.99}
{"eval_loss": 2.566967010498047, "eval_rouge1": 45.2188, "eval_rouge2": 27.9932, "eval_rougeL": 38.001, "eval_rougeLsum": 40.4556, "eval_gen_len": 73.6003, "eval_runtime": 151.3032, "eval_samples_per_second": 4.514, "eval_steps_per_second": 0.284, "epoch": 1.99}
{"eval_loss": 2.494035243988037, "eval_rouge1": 45.3072, "eval_rouge2": 28.3375, "eval_rougeL": 38.0613, "eval_rougeLsum": 40.4573, "eval_gen_len": 73.8463, "eval_runtime": 148.6345, "eval_samples_per_second": 4.595, "eval_steps_per_second": 0.289, "epoch": 2.99}
{"eval_loss": 2.4711217880249023, "eval_rouge1": 45.2774, "eval_rouge2": 28.1463, "eval_rougeL": 37.9647, "eval_rougeLsum": 40.3947, "eval_gen_len": 75.8082, "eval_runtime": 148.4479, "eval_samples_per_second": 4.601, "eval_steps_per_second": 0.29, "epoch": 3.99}
{"train_runtime": 1030.1478, "train_samples_per_second": 15.004, "train_steps_per_second": 0.116, "train_loss": 2.7688262939453123, "epoch": 3.99}
