{"eval_loss": 3.8186275959014893, "eval_rouge1": 39.2995, "eval_rouge2": 23.1753, "eval_rougeL": 32.4546, "eval_rougeLsum": 34.585, "eval_gen_len": 78.7195, "eval_runtime": 84.7506, "eval_samples_per_second": 3.575, "eval_steps_per_second": 0.224, "epoch": 0.96}
{"eval_loss": 3.499702215194702, "eval_rouge1": 40.2944, "eval_rouge2": 23.8466, "eval_rougeL": 33.4192, "eval_rougeLsum": 35.7098, "eval_gen_len": 81.934, "eval_runtime": 92.6323, "eval_samples_per_second": 3.271, "eval_steps_per_second": 0.205, "epoch": 1.96}
{"eval_loss": 3.332797050476074, "eval_rouge1": 40.4498, "eval_rouge2": 24.1171, "eval_rougeL": 33.3972, "eval_rougeLsum": 36.0198, "eval_gen_len": 82.5017, "eval_runtime": 89.6425, "eval_samples_per_second": 3.38, "eval_steps_per_second": 0.212, "epoch": 2.96}
{"eval_loss": 3.268322229385376, "eval_rouge1": 40.8438, "eval_rouge2": 24.1842, "eval_rougeL": 33.7818, "eval_rougeLsum": 36.2424, "eval_gen_len": 81.4983, "eval_runtime": 86.6855, "eval_samples_per_second": 3.495, "eval_steps_per_second": 0.219, "epoch": 3.96}
{"train_runtime": 553.7922, "train_samples_per_second": 12.387, "train_steps_per_second": 0.094, "train_loss": 3.764216789832482, "epoch": 3.96}
