{"eval_loss": 3.8231310844421387, "eval_rouge1": 39.3775, "eval_rouge2": 23.2808, "eval_rougeL": 32.4384, "eval_rougeLsum": 34.7506, "eval_gen_len": 76.967, "eval_runtime": 74.1823, "eval_samples_per_second": 4.085, "eval_steps_per_second": 0.256, "epoch": 0.96}
{"eval_loss": 3.4996681213378906, "eval_rouge1": 39.5079, "eval_rouge2": 23.3097, "eval_rougeL": 32.7161, "eval_rougeLsum": 35.1809, "eval_gen_len": 83.6337, "eval_runtime": 86.9906, "eval_samples_per_second": 3.483, "eval_steps_per_second": 0.218, "epoch": 1.96}
{"eval_loss": 3.3317770957946777, "eval_rouge1": 40.2691, "eval_rouge2": 24.0123, "eval_rougeL": 33.3486, "eval_rougeLsum": 35.9168, "eval_gen_len": 81.4059, "eval_runtime": 81.9398, "eval_samples_per_second": 3.698, "eval_steps_per_second": 0.232, "epoch": 2.96}
{"eval_loss": 3.2668309211730957, "eval_rouge1": 40.8584, "eval_rouge2": 24.2741, "eval_rougeL": 33.9756, "eval_rougeLsum": 36.4911, "eval_gen_len": 80.7624, "eval_runtime": 81.5331, "eval_samples_per_second": 3.716, "eval_steps_per_second": 0.233, "epoch": 3.96}
{"train_runtime": 520.0257, "train_samples_per_second": 13.192, "train_steps_per_second": 0.1, "train_loss": 3.760001255915715, "epoch": 3.96}
