{"eval_loss": 3.8186275959014893, "eval_rouge1": 39.2124, "eval_rouge2": 23.1602, "eval_rougeL": 32.4278, "eval_rougeLsum": 34.6211, "eval_gen_len": 78.7195, "eval_runtime": 85.8732, "eval_samples_per_second": 3.528, "eval_steps_per_second": 0.221, "epoch": 0.96}
{"eval_loss": 3.499702215194702, "eval_rouge1": 40.2568, "eval_rouge2": 23.8601, "eval_rougeL": 33.3583, "eval_rougeLsum": 35.7223, "eval_gen_len": 81.934, "eval_runtime": 95.9166, "eval_samples_per_second": 3.159, "eval_steps_per_second": 0.198, "epoch": 1.96}
{"eval_loss": 3.332797050476074, "eval_rouge1": 40.3871, "eval_rouge2": 24.147, "eval_rougeL": 33.3663, "eval_rougeLsum": 36.02, "eval_gen_len": 82.5017, "eval_runtime": 90.4988, "eval_samples_per_second": 3.348, "eval_steps_per_second": 0.21, "epoch": 2.96}
{"eval_loss": 3.268322229385376, "eval_rouge1": 40.7798, "eval_rouge2": 24.1917, "eval_rougeL": 33.7286, "eval_rougeLsum": 36.2412, "eval_gen_len": 81.4983, "eval_runtime": 86.2703, "eval_samples_per_second": 3.512, "eval_steps_per_second": 0.22, "epoch": 3.96}
{"train_runtime": 554.1626, "train_samples_per_second": 12.379, "train_steps_per_second": 0.094, "train_loss": 3.764216789832482, "epoch": 3.96}
