{"eval_loss": 3.197486639022827, "eval_rouge1": 42.4328, "eval_rouge2": 25.8608, "eval_rougeL": 35.3124, "eval_rougeLsum": 37.9257, "eval_gen_len": 75.5608, "eval_runtime": 193.5113, "eval_samples_per_second": 3.53, "eval_steps_per_second": 0.222, "epoch": 0.99}
{"eval_loss": 2.805001974105835, "eval_rouge1": 43.7918, "eval_rouge2": 26.7578, "eval_rougeL": 36.6185, "eval_rougeLsum": 38.8521, "eval_gen_len": 75.9195, "eval_runtime": 177.402, "eval_samples_per_second": 3.85, "eval_steps_per_second": 0.242, "epoch": 1.99}
{"eval_loss": 2.693700075149536, "eval_rouge1": 44.1197, "eval_rouge2": 27.1636, "eval_rougeL": 37.0172, "eval_rougeLsum": 39.2424, "eval_gen_len": 76.202, "eval_runtime": 179.2545, "eval_samples_per_second": 3.81, "eval_steps_per_second": 0.24, "epoch": 2.99}
{"eval_loss": 2.6690196990966797, "eval_rouge1": 44.5449, "eval_rouge2": 27.524, "eval_rougeL": 37.2909, "eval_rougeLsum": 39.614, "eval_gen_len": 75.4026, "eval_runtime": 175.1711, "eval_samples_per_second": 3.899, "eval_steps_per_second": 0.245, "epoch": 3.99}
{"train_runtime": 1115.5866, "train_samples_per_second": 13.855, "train_steps_per_second": 0.108, "train_loss": 3.083752187093099, "epoch": 3.99}
