{"eval_loss": 3.3368983268737793, "eval_rouge1": 41.184, "eval_rouge2": 24.5593, "eval_rougeL": 34.5125, "eval_rougeLsum": 36.8302, "eval_gen_len": 75.9208, "eval_runtime": 80.9675, "eval_samples_per_second": 3.742, "eval_steps_per_second": 0.235, "epoch": 0.96}
{"eval_loss": 2.924914598464966, "eval_rouge1": 42.1919, "eval_rouge2": 25.1619, "eval_rougeL": 35.4561, "eval_rougeLsum": 37.8272, "eval_gen_len": 77.736, "eval_runtime": 82.6352, "eval_samples_per_second": 3.667, "eval_steps_per_second": 0.23, "epoch": 1.96}
{"eval_loss": 2.8128514289855957, "eval_rouge1": 43.7761, "eval_rouge2": 26.3086, "eval_rougeL": 36.7388, "eval_rougeLsum": 39.0297, "eval_gen_len": 73.1881, "eval_runtime": 73.2865, "eval_samples_per_second": 4.134, "eval_steps_per_second": 0.259, "epoch": 2.96}
{"eval_loss": 2.7858500480651855, "eval_rouge1": 43.6004, "eval_rouge2": 26.2657, "eval_rougeL": 36.2051, "eval_rougeLsum": 38.564, "eval_gen_len": 75.802, "eval_runtime": 76.4508, "eval_samples_per_second": 3.963, "eval_steps_per_second": 0.249, "epoch": 3.96}
{"train_runtime": 509.1996, "train_samples_per_second": 13.472, "train_steps_per_second": 0.102, "train_loss": 3.1728104811448317, "epoch": 3.96}
