{"eval_loss": 3.3867783546447754, "eval_rouge1": 39.4706, "eval_rouge2": 22.8398, "eval_rougeL": 32.5543, "eval_rougeLsum": 34.8479, "eval_gen_len": 89.1452, "eval_runtime": 93.5879, "eval_samples_per_second": 3.238, "eval_steps_per_second": 0.203, "epoch": 0.99}
{"eval_loss": 2.9475090503692627, "eval_rouge1": 41.922, "eval_rouge2": 24.8527, "eval_rougeL": 34.9358, "eval_rougeLsum": 37.265, "eval_gen_len": 78.4323, "eval_runtime": 77.7845, "eval_samples_per_second": 3.895, "eval_steps_per_second": 0.244, "epoch": 1.99}
{"eval_loss": 2.7962779998779297, "eval_rouge1": 43.6053, "eval_rouge2": 25.9605, "eval_rougeL": 36.4001, "eval_rougeLsum": 38.7026, "eval_gen_len": 76.0957, "eval_runtime": 74.2047, "eval_samples_per_second": 4.083, "eval_steps_per_second": 0.256, "epoch": 2.99}
{"eval_loss": 2.7556841373443604, "eval_rouge1": 43.8647, "eval_rouge2": 26.0176, "eval_rougeL": 36.4781, "eval_rougeLsum": 38.6928, "eval_gen_len": 74.462, "eval_runtime": 69.8886, "eval_samples_per_second": 4.335, "eval_steps_per_second": 0.272, "epoch": 3.99}
{"train_runtime": 482.4654, "train_samples_per_second": 11.707, "train_steps_per_second": 0.091, "train_loss": 3.210770000110973, "epoch": 3.99}
