{"eval_loss": 3.5440125465393066, "eval_rouge1": 39.5062, "eval_rouge2": 23.2959, "eval_rougeL": 33.0715, "eval_rougeLsum": 35.034, "eval_gen_len": 84.1485, "eval_runtime": 89.9106, "eval_samples_per_second": 3.37, "eval_steps_per_second": 0.211, "epoch": 0.99}
{"eval_loss": 3.172104597091675, "eval_rouge1": 41.3901, "eval_rouge2": 24.4583, "eval_rougeL": 34.4063, "eval_rougeLsum": 36.9325, "eval_gen_len": 79.3762, "eval_runtime": 82.0357, "eval_samples_per_second": 3.694, "eval_steps_per_second": 0.232, "epoch": 1.99}
{"eval_loss": 2.9723854064941406, "eval_rouge1": 42.2736, "eval_rouge2": 25.2648, "eval_rougeL": 35.2047, "eval_rougeLsum": 37.656, "eval_gen_len": 76.1089, "eval_runtime": 79.7283, "eval_samples_per_second": 3.8, "eval_steps_per_second": 0.238, "epoch": 2.99}
{"eval_loss": 2.914293050765991, "eval_rouge1": 42.5388, "eval_rouge2": 25.1486, "eval_rougeL": 35.2898, "eval_rougeLsum": 37.9287, "eval_gen_len": 77.4686, "eval_runtime": 79.8108, "eval_samples_per_second": 3.796, "eval_steps_per_second": 0.238, "epoch": 3.99}
{"train_runtime": 498.0594, "train_samples_per_second": 11.34, "train_steps_per_second": 0.088, "train_loss": 3.4212691567160864, "epoch": 3.99}
