{"eval_loss": 5.2427873611450195, "eval_rouge1": 33.1179, "eval_rouge2": 14.5568, "eval_rougeL": 24.1807, "eval_rougeLsum": 26.7444, "eval_gen_len": 105.0, "eval_runtime": 5.8364, "eval_samples_per_second": 2.399, "eval_steps_per_second": 0.171, "epoch": 1.0}
{"eval_loss": 4.949180603027344, "eval_rouge1": 33.6614, "eval_rouge2": 15.4119, "eval_rougeL": 24.6805, "eval_rougeLsum": 27.2866, "eval_gen_len": 118.9286, "eval_runtime": 5.9173, "eval_samples_per_second": 2.366, "eval_steps_per_second": 0.169, "epoch": 2.0}
{"eval_loss": 4.827049255371094, "eval_rouge1": 34.654, "eval_rouge2": 16.3765, "eval_rougeL": 26.7963, "eval_rougeLsum": 29.5832, "eval_gen_len": 104.7143, "eval_runtime": 5.4987, "eval_samples_per_second": 2.546, "eval_steps_per_second": 0.182, "epoch": 3.0}
{"eval_loss": 4.7690019607543945, "eval_rouge1": 36.6072, "eval_rouge2": 17.8501, "eval_rougeL": 28.3705, "eval_rougeLsum": 30.6017, "eval_gen_len": 98.7143, "eval_runtime": 5.6725, "eval_samples_per_second": 2.468, "eval_steps_per_second": 0.176, "epoch": 4.0}
{"train_runtime": 193.4712, "train_samples_per_second": 1.24, "train_steps_per_second": 0.021, "train_loss": 2.2382736206054688, "epoch": 4.0}
