{"eval_loss": 9.575887680053711, "eval_rouge1": 14.2733, "eval_rouge2": 3.5018, "eval_rougeL": 12.1492, "eval_rougeLsum": 12.0181, "eval_gen_len": 73.2308, "eval_runtime": 3.7639, "eval_samples_per_second": 3.454, "eval_steps_per_second": 0.266, "epoch": 1.0}
{"eval_loss": 8.831972122192383, "eval_rouge1": 14.3537, "eval_rouge2": 3.4619, "eval_rougeL": 12.8306, "eval_rougeLsum": 12.2459, "eval_gen_len": 68.8462, "eval_runtime": 3.345, "eval_samples_per_second": 3.886, "eval_steps_per_second": 0.299, "epoch": 2.0}
{"eval_loss": 8.378226280212402, "eval_rouge1": 14.2193, "eval_rouge2": 3.3212, "eval_rougeL": 11.4744, "eval_rougeLsum": 12.0013, "eval_gen_len": 74.5385, "eval_runtime": 4.5295, "eval_samples_per_second": 2.87, "eval_steps_per_second": 0.221, "epoch": 3.0}
{"eval_loss": 8.128722190856934, "eval_rouge1": 14.2642, "eval_rouge2": 3.5936, "eval_rougeL": 12.373, "eval_rougeLsum": 12.5037, "eval_gen_len": 67.3846, "eval_runtime": 3.1025, "eval_samples_per_second": 4.19, "eval_steps_per_second": 0.322, "epoch": 4.0}
{"train_runtime": 55.9812, "train_samples_per_second": 4.216, "train_steps_per_second": 0.071, "train_loss": 4.7380852699279785, "epoch": 4.0}
