{"eval_loss": 9.575887680053711, "eval_rouge1": 14.2376, "eval_rouge2": 3.6208, "eval_rougeL": 12.2726, "eval_rougeLsum": 12.1307, "eval_gen_len": 73.2308, "eval_runtime": 3.9455, "eval_samples_per_second": 3.295, "eval_steps_per_second": 0.253, "epoch": 1.0}
{"eval_loss": 8.831972122192383, "eval_rouge1": 14.383, "eval_rouge2": 3.6256, "eval_rougeL": 12.9824, "eval_rougeLsum": 12.3008, "eval_gen_len": 68.8462, "eval_runtime": 3.4785, "eval_samples_per_second": 3.737, "eval_steps_per_second": 0.287, "epoch": 2.0}
{"eval_loss": 8.378226280212402, "eval_rouge1": 14.1546, "eval_rouge2": 3.4811, "eval_rougeL": 11.6589, "eval_rougeLsum": 12.1261, "eval_gen_len": 74.5385, "eval_runtime": 4.6237, "eval_samples_per_second": 2.812, "eval_steps_per_second": 0.216, "epoch": 3.0}
{"eval_loss": 8.128722190856934, "eval_rouge1": 14.3104, "eval_rouge2": 3.7644, "eval_rougeL": 12.5818, "eval_rougeLsum": 12.5769, "eval_gen_len": 67.3846, "eval_runtime": 3.2339, "eval_samples_per_second": 4.02, "eval_steps_per_second": 0.309, "epoch": 4.0}
{"train_runtime": 62.0993, "train_samples_per_second": 3.8, "train_steps_per_second": 0.064, "train_loss": 4.7380852699279785, "epoch": 4.0}
