{"eval_loss": 9.871429443359375, "eval_rouge1": 14.0864, "eval_rouge2": 1.6623, "eval_rougeL": 11.4917, "eval_rougeLsum": 12.0605, "eval_gen_len": 67.7692, "eval_runtime": 3.0579, "eval_samples_per_second": 4.251, "eval_steps_per_second": 0.327, "epoch": 1.0}
{"eval_loss": 9.451986312866211, "eval_rouge1": 14.1059, "eval_rouge2": 1.6192, "eval_rougeL": 11.628, "eval_rougeLsum": 11.8871, "eval_gen_len": 67.6154, "eval_runtime": 2.958, "eval_samples_per_second": 4.395, "eval_steps_per_second": 0.338, "epoch": 2.0}
{"eval_loss": 9.222992897033691, "eval_rouge1": 14.8273, "eval_rouge2": 1.9043, "eval_rougeL": 12.2383, "eval_rougeLsum": 12.7346, "eval_gen_len": 67.1538, "eval_runtime": 3.1083, "eval_samples_per_second": 4.182, "eval_steps_per_second": 0.322, "epoch": 3.0}
{"eval_loss": 9.111074447631836, "eval_rouge1": 15.0503, "eval_rouge2": 1.9324, "eval_rougeL": 12.3585, "eval_rougeLsum": 12.743, "eval_gen_len": 66.5385, "eval_runtime": 3.1562, "eval_samples_per_second": 4.119, "eval_steps_per_second": 0.317, "epoch": 4.0}
{"train_runtime": 58.2602, "train_samples_per_second": 4.943, "train_steps_per_second": 0.069, "train_loss": 6.282211780548096, "epoch": 4.0}
{"eval_loss": 9.871429443359375, "eval_rouge1": 14.2367, "eval_rouge2": 1.692, "eval_rougeL": 11.516, "eval_rougeLsum": 12.1075, "eval_gen_len": 67.7692, "eval_runtime": 3.0276, "eval_samples_per_second": 4.294, "eval_steps_per_second": 0.33, "epoch": 1.0}
{"eval_loss": 9.451986312866211, "eval_rouge1": 14.171, "eval_rouge2": 1.6352, "eval_rougeL": 11.6441, "eval_rougeLsum": 11.9277, "eval_gen_len": 67.6154, "eval_runtime": 3.0774, "eval_samples_per_second": 4.224, "eval_steps_per_second": 0.325, "epoch": 2.0}
{"eval_loss": 9.222992897033691, "eval_rouge1": 14.9929, "eval_rouge2": 1.9363, "eval_rougeL": 12.2128, "eval_rougeLsum": 12.8769, "eval_gen_len": 67.1538, "eval_runtime": 3.1868, "eval_samples_per_second": 4.079, "eval_steps_per_second": 0.314, "epoch": 3.0}
{"eval_loss": 9.111074447631836, "eval_rouge1": 15.2243, "eval_rouge2": 1.9747, "eval_rougeL": 12.343, "eval_rougeLsum": 12.866, "eval_gen_len": 66.5385, "eval_runtime": 3.0588, "eval_samples_per_second": 4.25, "eval_steps_per_second": 0.327, "epoch": 4.0}
{"train_runtime": 55.34, "train_samples_per_second": 5.204, "train_steps_per_second": 0.072, "train_loss": 6.282211780548096, "epoch": 4.0}
