{"eval_loss": 8.993449211120605, "eval_rouge1": 14.0446, "eval_rouge2": 3.1379, "eval_rougeL": 11.2324, "eval_rougeLsum": 12.9693, "eval_gen_len": 66.7778, "eval_runtime": 12.2467, "eval_samples_per_second": 4.409, "eval_steps_per_second": 0.327, "epoch": 1.0}
{"eval_loss": 7.881589889526367, "eval_rouge1": 14.2499, "eval_rouge2": 3.3073, "eval_rougeL": 11.9124, "eval_rougeLsum": 13.1983, "eval_gen_len": 65.037, "eval_runtime": 11.6515, "eval_samples_per_second": 4.635, "eval_steps_per_second": 0.343, "epoch": 2.0}
{"eval_loss": 7.077536106109619, "eval_rouge1": 14.4798, "eval_rouge2": 3.2162, "eval_rougeL": 11.927, "eval_rougeLsum": 13.4358, "eval_gen_len": 61.6296, "eval_runtime": 9.6012, "eval_samples_per_second": 5.624, "eval_steps_per_second": 0.417, "epoch": 3.0}
{"eval_loss": 6.661310195922852, "eval_rouge1": 14.8469, "eval_rouge2": 3.3834, "eval_rougeL": 12.4073, "eval_rougeLsum": 13.435, "eval_gen_len": 60.6296, "eval_runtime": 9.3723, "eval_samples_per_second": 5.762, "eval_steps_per_second": 0.427, "epoch": 4.0}
{"train_runtime": 104.7666, "train_samples_per_second": 9.621, "train_steps_per_second": 0.076, "train_loss": 8.583389282226562, "epoch": 4.0}
