{"eval_loss": 8.976981163024902, "eval_rouge1": 12.7446, "eval_rouge2": 3.2993, "eval_rougeL": 11.1437, "eval_rougeLsum": 11.7605, "eval_gen_len": 66.1455, "eval_runtime": 12.8295, "eval_samples_per_second": 4.287, "eval_steps_per_second": 0.312, "epoch": 0.8}
{"eval_loss": 7.711733341217041, "eval_rouge1": 12.9867, "eval_rouge2": 3.6989, "eval_rougeL": 11.2341, "eval_rougeLsum": 12.0362, "eval_gen_len": 63.9273, "eval_runtime": 11.8515, "eval_samples_per_second": 4.641, "eval_steps_per_second": 0.338, "epoch": 1.8}
{"eval_loss": 6.796997547149658, "eval_rouge1": 13.6404, "eval_rouge2": 3.7425, "eval_rougeL": 11.8566, "eval_rougeLsum": 12.8294, "eval_gen_len": 62.6727, "eval_runtime": 10.9733, "eval_samples_per_second": 5.012, "eval_steps_per_second": 0.365, "epoch": 2.8}
{"eval_loss": 6.333261489868164, "eval_rouge1": 14.1134, "eval_rouge2": 3.9274, "eval_rougeL": 12.3997, "eval_rougeLsum": 13.1152, "eval_gen_len": 61.5091, "eval_runtime": 11.0708, "eval_samples_per_second": 4.968, "eval_steps_per_second": 0.361, "epoch": 3.8}
{"train_runtime": 111.3891, "train_samples_per_second": 10.989, "train_steps_per_second": 0.072, "train_loss": 9.907090187072754, "epoch": 3.8}
