{"eval_loss": 9.210103988647461, "eval_rouge1": 12.8674, "eval_rouge2": 3.2514, "eval_rougeL": 11.3238, "eval_rougeLsum": 11.7542, "eval_gen_len": 71.1636, "eval_runtime": 16.6393, "eval_samples_per_second": 3.305, "eval_steps_per_second": 0.24, "epoch": 0.8}
{"eval_loss": 8.320154190063477, "eval_rouge1": 13.2641, "eval_rouge2": 3.6473, "eval_rougeL": 11.4344, "eval_rougeLsum": 12.0434, "eval_gen_len": 65.0909, "eval_runtime": 11.3181, "eval_samples_per_second": 4.859, "eval_steps_per_second": 0.353, "epoch": 1.8}
{"eval_loss": 9.210103988647461, "eval_rouge1": 12.9551, "eval_rouge2": 3.2307, "eval_rougeL": 11.3322, "eval_rougeLsum": 11.8384, "eval_gen_len": 71.1636, "eval_runtime": 15.9106, "eval_samples_per_second": 3.457, "eval_steps_per_second": 0.251, "epoch": 0.8}
{"eval_loss": 8.320154190063477, "eval_rouge1": 13.3293, "eval_rouge2": 3.662, "eval_rougeL": 11.4369, "eval_rougeLsum": 12.0917, "eval_gen_len": 65.0909, "eval_runtime": 10.9026, "eval_samples_per_second": 5.045, "eval_steps_per_second": 0.367, "epoch": 1.8}
{"eval_loss": 7.666187763214111, "eval_rouge1": 13.8518, "eval_rouge2": 3.71, "eval_rougeL": 12.1698, "eval_rougeLsum": 12.7563, "eval_gen_len": 63.5455, "eval_runtime": 10.7111, "eval_samples_per_second": 5.135, "eval_steps_per_second": 0.373, "epoch": 2.8}
{"eval_loss": 7.331278324127197, "eval_rouge1": 13.7121, "eval_rouge2": 3.7384, "eval_rougeL": 11.9329, "eval_rougeLsum": 12.7991, "eval_gen_len": 63.8182, "eval_runtime": 11.1136, "eval_samples_per_second": 4.949, "eval_steps_per_second": 0.36, "epoch": 3.8}
{"train_runtime": 112.3985, "train_samples_per_second": 10.89, "train_steps_per_second": 0.071, "train_loss": 10.483104705810547, "epoch": 3.8}
