{"eval_loss": 8.976981163024902, "eval_rouge1": 12.7571, "eval_rouge2": 3.2959, "eval_rougeL": 11.1848, "eval_rougeLsum": 11.7911, "eval_gen_len": 66.1455, "eval_runtime": 13.528, "eval_samples_per_second": 4.066, "eval_steps_per_second": 0.296, "epoch": 0.8}
{"eval_loss": 7.711733341217041, "eval_rouge1": 12.9399, "eval_rouge2": 3.669, "eval_rougeL": 11.2646, "eval_rougeLsum": 12.0337, "eval_gen_len": 63.9273, "eval_runtime": 11.4468, "eval_samples_per_second": 4.805, "eval_steps_per_second": 0.349, "epoch": 1.8}
{"eval_loss": 6.796997547149658, "eval_rouge1": 13.6102, "eval_rouge2": 3.7678, "eval_rougeL": 11.8824, "eval_rougeLsum": 12.8136, "eval_gen_len": 62.6727, "eval_runtime": 11.0119, "eval_samples_per_second": 4.995, "eval_steps_per_second": 0.363, "epoch": 2.8}
{"eval_loss": 6.333261489868164, "eval_rouge1": 14.0233, "eval_rouge2": 3.9263, "eval_rougeL": 12.4124, "eval_rougeLsum": 13.0891, "eval_gen_len": 61.5091, "eval_runtime": 9.881, "eval_samples_per_second": 5.566, "eval_steps_per_second": 0.405, "epoch": 3.8}
{"train_runtime": 111.2299, "train_samples_per_second": 11.004, "train_steps_per_second": 0.072, "train_loss": 9.907090187072754, "epoch": 3.8}
