{"eval_loss": 9.242518424987793, "eval_rouge1": 13.6707, "eval_rouge2": 3.4708, "eval_rougeL": 11.9699, "eval_rougeLsum": 12.413, "eval_gen_len": 69.1636, "eval_runtime": 17.1747, "eval_samples_per_second": 3.202, "eval_steps_per_second": 0.233, "epoch": 0.8}
{"eval_loss": 8.322927474975586, "eval_rouge1": 13.3437, "eval_rouge2": 3.5665, "eval_rougeL": 11.6392, "eval_rougeLsum": 11.8856, "eval_gen_len": 66.0909, "eval_runtime": 12.0375, "eval_samples_per_second": 4.569, "eval_steps_per_second": 0.332, "epoch": 1.8}
{"eval_loss": 7.695479393005371, "eval_rouge1": 13.629, "eval_rouge2": 3.8223, "eval_rougeL": 11.7304, "eval_rougeLsum": 12.4288, "eval_gen_len": 62.9273, "eval_runtime": 11.2679, "eval_samples_per_second": 4.881, "eval_steps_per_second": 0.355, "epoch": 2.8}
{"eval_loss": 7.356341361999512, "eval_rouge1": 13.7103, "eval_rouge2": 3.7267, "eval_rougeL": 11.9042, "eval_rougeLsum": 12.685, "eval_gen_len": 64.0, "eval_runtime": 11.0628, "eval_samples_per_second": 4.972, "eval_steps_per_second": 0.362, "epoch": 3.8}
{"train_runtime": 104.2022, "train_samples_per_second": 11.746, "train_steps_per_second": 0.077, "train_loss": 10.511577606201172, "epoch": 3.8}
