{"eval_loss": 9.036690711975098, "eval_rouge1": 12.9842, "eval_rouge2": 3.3095, "eval_rougeL": 11.3327, "eval_rougeLsum": 12.0324, "eval_gen_len": 65.3455, "eval_runtime": 12.7771, "eval_samples_per_second": 4.305, "eval_steps_per_second": 0.313, "epoch": 0.8}
{"eval_loss": 7.835251331329346, "eval_rouge1": 13.2181, "eval_rouge2": 3.6084, "eval_rougeL": 11.7181, "eval_rougeLsum": 12.3326, "eval_gen_len": 63.5273, "eval_runtime": 10.5904, "eval_samples_per_second": 5.193, "eval_steps_per_second": 0.378, "epoch": 1.8}
{"eval_loss": 6.955716133117676, "eval_rouge1": 14.6472, "eval_rouge2": 3.8851, "eval_rougeL": 12.7376, "eval_rougeLsum": 13.688, "eval_gen_len": 61.1818, "eval_runtime": 10.5608, "eval_samples_per_second": 5.208, "eval_steps_per_second": 0.379, "epoch": 2.8}
{"eval_loss": 6.480875015258789, "eval_rouge1": 14.1708, "eval_rouge2": 3.7801, "eval_rougeL": 12.2393, "eval_rougeLsum": 12.9963, "eval_gen_len": 60.3091, "eval_runtime": 9.6816, "eval_samples_per_second": 5.681, "eval_steps_per_second": 0.413, "epoch": 3.8}
{"train_runtime": 109.6412, "train_samples_per_second": 11.164, "train_steps_per_second": 0.073, "train_loss": 9.993427276611328, "epoch": 3.8}
