{"eval_loss": 9.644462585449219, "eval_rouge1": 12.4024, "eval_rouge2": 3.1139, "eval_rougeL": 10.6861, "eval_rougeLsum": 11.2534, "eval_gen_len": 71.8364, "eval_runtime": 17.6836, "eval_samples_per_second": 3.11, "eval_steps_per_second": 0.226, "epoch": 0.8}
{"eval_loss": 9.080904006958008, "eval_rouge1": 12.6706, "eval_rouge2": 3.2525, "eval_rougeL": 11.019, "eval_rougeLsum": 11.5772, "eval_gen_len": 70.2727, "eval_runtime": 15.8507, "eval_samples_per_second": 3.47, "eval_steps_per_second": 0.252, "epoch": 1.8}
{"eval_loss": 8.729240417480469, "eval_rouge1": 12.9832, "eval_rouge2": 3.4612, "eval_rougeL": 11.3603, "eval_rougeLsum": 11.9861, "eval_gen_len": 68.6, "eval_runtime": 14.8029, "eval_samples_per_second": 3.715, "eval_steps_per_second": 0.27, "epoch": 2.8}
{"eval_loss": 8.571220397949219, "eval_rouge1": 12.6225, "eval_rouge2": 3.3743, "eval_rougeL": 11.153, "eval_rougeLsum": 11.4978, "eval_gen_len": 67.0909, "eval_runtime": 13.5099, "eval_samples_per_second": 4.071, "eval_steps_per_second": 0.296, "epoch": 3.8}
{"train_runtime": 117.3164, "train_samples_per_second": 10.433, "train_steps_per_second": 0.068, "train_loss": 11.258659362792969, "epoch": 3.8}
