{"eval_loss": 8.993449211120605, "eval_rouge1": 14.1468, "eval_rouge2": 3.1013, "eval_rougeL": 11.2009, "eval_rougeLsum": 12.9593, "eval_gen_len": 66.7778, "eval_runtime": 12.3344, "eval_samples_per_second": 4.378, "eval_steps_per_second": 0.324, "epoch": 1.0}
{"eval_loss": 7.881589889526367, "eval_rouge1": 14.3402, "eval_rouge2": 3.2782, "eval_rougeL": 11.8477, "eval_rougeLsum": 13.154, "eval_gen_len": 65.037, "eval_runtime": 11.7166, "eval_samples_per_second": 4.609, "eval_steps_per_second": 0.341, "epoch": 2.0}
{"eval_loss": 7.077536106109619, "eval_rouge1": 14.5411, "eval_rouge2": 3.1668, "eval_rougeL": 11.8624, "eval_rougeLsum": 13.3737, "eval_gen_len": 61.6296, "eval_runtime": 9.5004, "eval_samples_per_second": 5.684, "eval_steps_per_second": 0.421, "epoch": 3.0}
{"eval_loss": 6.661310195922852, "eval_rouge1": 14.8866, "eval_rouge2": 3.3315, "eval_rougeL": 12.2578, "eval_rougeLsum": 13.4041, "eval_gen_len": 60.6296, "eval_runtime": 9.167, "eval_samples_per_second": 5.891, "eval_steps_per_second": 0.436, "epoch": 4.0}
{"train_runtime": 103.0152, "train_samples_per_second": 9.785, "train_steps_per_second": 0.078, "train_loss": 8.583389282226562, "epoch": 4.0}
